/*
SQLyog Ultimate v10.00 Beta1
MySQL - 5.6.45 : Database - bookshop
*********************************************************************
*/

/*!40101 SET NAMES utf8 */;

/*!40101 SET SQL_MODE=''*/;

/*!40014 SET @OLD_UNIQUE_CHECKS=@@UNIQUE_CHECKS, UNIQUE_CHECKS=0 */;
/*!40014 SET @OLD_FOREIGN_KEY_CHECKS=@@FOREIGN_KEY_CHECKS, FOREIGN_KEY_CHECKS=0 */;
/*!40101 SET @OLD_SQL_MODE=@@SQL_MODE, SQL_MODE='NO_AUTO_VALUE_ON_ZERO' */;
/*!40111 SET @OLD_SQL_NOTES=@@SQL_NOTES, SQL_NOTES=0 */;
CREATE DATABASE /*!32312 IF NOT EXISTS*/`bookshop` /*!40100 DEFAULT CHARACTER SET utf8 */;

USE `bookshop`;

/*Table structure for table `advertisements` */

DROP TABLE IF EXISTS `advertisements`;

CREATE TABLE `advertisements` (
  `id` int(11) NOT NULL AUTO_INCREMENT COMMENT 'id',
  `title` varchar(255) NOT NULL COMMENT '描述',
  `url` varchar(255) NOT NULL COMMENT '链接',
  `image` varchar(255) DEFAULT NULL COMMENT '图片地址',
  `category` int(11) NOT NULL COMMENT '所属分类',
  `sort` int(11) NOT NULL COMMENT '排序',
  PRIMARY KEY (`id`)
) ENGINE=InnoDB AUTO_INCREMENT=2 DEFAULT CHARSET=utf8;

/*Data for the table `advertisements` */

insert  into `advertisements`(`id`,`title`,`url`,`image`,`category`,`sort`) values (1,'测试广告1','https://www.baidu.com','https://gss2.bdstatic.com/9fo3dSag_xI4khGkpoWK1HF6hhy/baike/w%3D268%3Bg%3D0/sign=29a2742c66600c33f079d9ce22773632/d788d43f8794a4c23fdf501303f41bd5ad6e390d.jpg',1,0);

/*Table structure for table `cart` */

DROP TABLE IF EXISTS `cart`;

CREATE TABLE `cart` (
  `id` bigint(20) NOT NULL AUTO_INCREMENT COMMENT 'id',
  `user_id` bigint(20) NOT NULL COMMENT 'userId',
  `goods_id` bigint(20) NOT NULL COMMENT '商品id',
  `goods_num` int(11) NOT NULL DEFAULT '1' COMMENT '商品数量',
  `goods_is_deleted` int(1) NOT NULL DEFAULT '0' COMMENT '商品是否被删除：1是0否',
  `goods_is_off_the_shelves` int(1) NOT NULL DEFAULT '0' COMMENT '商品是否被下架：1是0否',
  `goods_version` bigint(20) NOT NULL COMMENT '加购时商品版本',
  PRIMARY KEY (`id`)
) ENGINE=InnoDB AUTO_INCREMENT=21 DEFAULT CHARSET=utf8;

/*Data for the table `cart` */

/*Table structure for table `category` */

DROP TABLE IF EXISTS `category`;

CREATE TABLE `category` (
  `id` int(11) NOT NULL AUTO_INCREMENT COMMENT 'id',
  `name` varchar(255) NOT NULL COMMENT '描述',
  `parent_id` int(11) NOT NULL DEFAULT '0' COMMENT '父节点id',
  `is_parent` int(11) NOT NULL DEFAULT '0' COMMENT '是否是父节点:1是0否',
  `sort` int(11) NOT NULL COMMENT '排序',
  PRIMARY KEY (`id`)
) ENGINE=InnoDB AUTO_INCREMENT=214 DEFAULT CHARSET=utf8;

/*Data for the table `category` */

insert  into `category`(`id`,`name`,`parent_id`,`is_parent`,`sort`) values (1,'小说',0,1,1),(2,'文学',0,1,2),(3,'传记',0,1,3),(4,'童书',0,1,4),(5,'经济',0,1,5),(6,'金融与投资',0,1,6),(7,'育儿/家教',0,1,7),(8,'动漫',0,1,8),(9,'历史',0,1,9),(10,'心理学',0,1,10),(11,'国学/古籍',0,1,11),(12,'法律',0,1,12),(13,'文化',0,1,13),(14,'社会科学',0,1,14),(15,'科普读物',0,1,15),(16,'计算机与互联网',0,1,16),(17,'医学',0,1,17),(18,'工业技术',0,1,18),(19,'农业/林业',0,1,19),(20,'电子与通信',0,1,20),(21,'科学与自然',0,1,21),(22,'期刊/杂志',0,1,22),(23,'中国当代小说',1,0,23),(24,'中国近现代小说',1,0,24),(25,'中国古典小说',1,0,25),(26,'外国小说',1,0,26),(27,'四大名著',1,0,27),(28,'侦探/悬疑/推理',1,0,28),(29,'惊悚/恐怖',1,0,29),(30,'科幻小说',1,0,30),(31,'魔幻/奇幻/玄幻',1,0,31),(32,'武侠',1,0,32),(33,'军事',1,0,33),(34,'宫廷',1,0,34),(35,'都市',1,0,35),(36,'影视小说',1,0,36),(37,'散文/随笔/书信',2,0,37),(38,'儿童文学',2,0,38),(39,'纪实文学',2,0,39),(40,'民间文学',2,0,40),(41,'影视文学',2,0,41),(42,'文学理论',2,0,42),(43,'文学史',2,0,43),(44,'文学评论与研究',2,0,44),(45,'历史人物',3,0,45),(46,'经典传记',3,0,46),(47,'历代帝王',3,0,47),(48,'领袖首脑',3,0,48),(49,'军事人物',3,0,49),(50,'政治人物',3,0,50),(51,'财经人物',3,0,51),(52,'宗教人物',3,0,52),(53,'体坛之星',3,0,53),(54,'科学家',3,0,54),(55,'艺术家',3,0,55),(56,'哲学家',3,0,56),(57,'文学家',3,0,57),(58,'教育家',3,0,58),(59,'科普/百科',4,0,59),(60,'绘本',4,0,60),(61,'幼儿启蒙',4,0,61),(62,'玩具书',4,0,62),(63,'励志/成长',4,0,63),(64,'会计/审计',5,0,64),(65,'行业经济',5,0,65),(66,'经济学理论',5,0,66),(67,'贸易经济',5,0,67),(68,'经济史',5,0,68),(69,'投资',6,0,69),(70,'国际金融',6,0,70),(71,'货币银行学',6,0,71),(72,'金融市场与管理',6,0,72),(73,'个人理财',6,0,73),(74,'金融理论',6,0,74),(75,'互联网金融',6,0,75),(76,'家教理论',7,0,76),(77,'家教方法',7,0,77),(78,'素质教育',7,0,78),(79,'心理疏导',7,0,79),(80,'亲子关系',7,0,80),(81,'育儿百科',7,0,81),(82,'日本动漫',8,0,82),(83,'大陆动漫',8,0,83),(84,'欧美动漫',8,0,84),(85,'连环画',8,0,85),(86,'中国史',9,0,86),(87,'世界史',9,0,87),(88,'史家名著',9,0,88),(89,'地方史志',9,0,89),(90,'文物考古',9,0,90),(91,'逸闻野史',9,0,91),(92,'风俗习惯',9,0,92),(93,'大众心理学',10,0,93),(94,'社会心理学',10,0,94),(95,'人格心理学',10,0,95),(96,'应用心理学',10,0,96),(97,'病态/变态心理学',10,0,97),(98,'儿童/青少年心理学',10,0,98),(99,'心理学理论',10,0,99),(100,'经部',11,0,100),(101,'史部',11,0,101),(102,'子部',11,0,102),(103,'集部',11,0,103),(104,'书目辞典',11,0,104),(105,'四库全书',11,0,105),(106,'理论法学',12,0,106),(107,'刑法',12,0,107),(108,'司法制度',12,0,108),(109,'国家法/宪法',12,0,109),(110,'民法',12,0,110),(111,'文化理论',13,0,111),(112,'地域文化',13,0,112),(113,'传统文化',13,0,113),(114,'民族文化',13,0,114),(115,'文化刊物',13,0,115),(116,'语言文字',14,0,116),(117,'人口学',14,0,117),(118,'人才学',14,0,118),(119,'人类学',14,0,119),(120,'地球科学',15,0,120),(121,'科普图鉴',15,0,121),(122,'数理化',15,0,122),(123,'天文航天',15,0,123),(124,'生物世界',15,0,124),(125,'神秘现象',15,0,125),(126,'人类故事',15,0,126),(127,'科学史话',15,0,127),(128,'百科知识',15,0,128),(129,'编程语言与程序设计',16,1,129),(130,'软件工程与软件方法学',16,0,130),(131,'数据库',16,0,131),(132,'操作系统',16,0,132),(133,'网络通信',16,0,133),(134,'硬件与维护',16,0,134),(135,'计算机理论',16,0,135),(136,'计算机安全',16,0,136),(137,'移动开发',16,0,137),(138,'人工智能',16,0,138),(139,'医学理论与研究',17,0,139),(140,'预防医学',17,0,140),(141,'卫生学',17,0,141),(142,'中国医学',17,0,142),(143,'基础医学',17,0,143),(144,'临床医学',17,0,144),(145,'护理学',17,0,145),(146,'电工电气',18,0,146),(147,'机械/仪表/工业',18,0,147),(148,'金属学与金属工艺',18,0,148),(149,'自动化技术',18,0,149),(150,'冶金工程',18,0,150),(151,'石油/天然气工业',18,0,151),(152,'化学工业',18,0,152),(153,'轻工业/手工业',18,0,153),(154,'农业工程',19,0,154),(155,'农业基础科学',19,0,155),(156,'植物保护',19,0,156),(157,'园艺',19,0,157),(158,'水产渔业',19,0,158),(159,'动物医学',19,0,159),(160,'无线通信',20,0,160),(161,'微电子学/集成电路',20,0,161),(162,'电子元件/组件',20,0,162),(163,'无线电设备/电信设备',20,0,163),(164,'电视广播',20,0,164),(165,'电子对抗',20,0,165),(166,'数学',21,0,166),(167,'力学',21,0,167),(168,'物理学',21,0,168),(169,'化学',21,0,169),(170,'晶体学',21,0,170),(171,'大气科学',21,0,171),(172,'时尚/美妆',22,0,172),(173,'旅游地理',22,0,173),(174,'艺术/摄影/设计',22,0,174),(175,'体育运动',22,0,175),(176,'财经管理',22,0,176),(177,'java',129,0,177),(178,'php',129,0,178),(179,'golang',129,0,179),(180,'python',129,0,180),(181,'前端',129,0,181),(182,'mysql',131,0,182),(183,'oracle',131,0,183),(184,'sqlserver',131,0,184),(185,'redis',131,0,185),(186,'mongodb',131,0,186),(197,'aaa',0,0,187);

/*Table structure for table `customer_address` */

DROP TABLE IF EXISTS `customer_address`;

CREATE TABLE `customer_address` (
  `id` bigint(20) NOT NULL AUTO_INCREMENT COMMENT 'id,自增',
  `customer_id` bigint(20) NOT NULL COMMENT '所属customer的id',
  `receiver_name` varchar(50) NOT NULL COMMENT '收货人姓名',
  `receiver_phone` char(11) NOT NULL COMMENT '收货人手机号',
  `receiver_address` varchar(255) NOT NULL COMMENT '收货人地址',
  `is_default` int(1) NOT NULL DEFAULT '0' COMMENT '是否默认：1是0否',
  PRIMARY KEY (`id`)
) ENGINE=InnoDB AUTO_INCREMENT=7 DEFAULT CHARSET=utf8;

/*Data for the table `customer_address` */

insert  into `customer_address`(`id`,`customer_id`,`receiver_name`,`receiver_phone`,`receiver_address`,`is_default`) values (2,9,'杨万浩','18337281539','河南省南阳市方城县广阳镇芦台村',1),(4,9,'龙青鲤','18203896057','浙江省杭州市西湖区三墩镇紫荆花北路望月公寓桃花苑四幢三单元701',0),(5,10,'龙青鲤','18203896057','浙江省杭州市西湖区三墩镇紫荆花北路望月公寓桃花苑四幢三单元701',1),(6,10,'龙青鲤','18203896057','河南省南阳市方城县',0);

/*Table structure for table `dictionary` */

DROP TABLE IF EXISTS `dictionary`;

CREATE TABLE `dictionary` (
  `id` int(11) NOT NULL AUTO_INCREMENT COMMENT 'id',
  `dic_type` int(11) NOT NULL COMMENT '字典类型',
  `dic_desc` varchar(255) NOT NULL COMMENT '字典类型描述',
  `dic_parent_key` int(11) NOT NULL DEFAULT '0' COMMENT '父级key',
  `dic_key` int(11) NOT NULL COMMENT '字典key',
  `dic_value` varchar(255) NOT NULL COMMENT '字典value',
  `dic_sort` int(11) NOT NULL COMMENT '排序,优先级按数字倒序',
  PRIMARY KEY (`id`)
) ENGINE=InnoDB AUTO_INCREMENT=2 DEFAULT CHARSET=utf8;

/*Data for the table `dictionary` */

insert  into `dictionary`(`id`,`dic_type`,`dic_desc`,`dic_parent_key`,`dic_key`,`dic_value`,`dic_sort`) values (1,0,'aaa',0,1,'aaa',1);

/*Table structure for table `goods_base` */

DROP TABLE IF EXISTS `goods_base`;

CREATE TABLE `goods_base` (
  `id` bigint(20) NOT NULL COMMENT '商品id',
  `goods_status` int(1) NOT NULL DEFAULT '1' COMMENT '0下架1正常2已删除',
  `price` bigint(20) NOT NULL COMMENT '价格(单位是分)',
  `stock` int(11) NOT NULL COMMENT '剩余库存数目',
  `category` int(11) NOT NULL COMMENT '商品分类',
  `goods_version` bigint(20) NOT NULL DEFAULT '0' COMMENT '商品版本',
  `goods_buy_version` bigint(20) NOT NULL DEFAULT '0' COMMENT '商品购买版本',
  `create_time` datetime NOT NULL COMMENT '添加时间',
  `create_user_id` bigint(20) NOT NULL COMMENT '添加者',
  `update_time` datetime NOT NULL COMMENT '修改时间',
  `update_user_id` bigint(20) NOT NULL COMMENT '修改者',
  PRIMARY KEY (`id`)
) ENGINE=InnoDB DEFAULT CHARSET=utf8;

/*Data for the table `goods_base` */

insert  into `goods_base`(`id`,`goods_status`,`price`,`stock`,`category`,`goods_version`,`goods_buy_version`,`create_time`,`create_user_id`,`update_time`,`update_user_id`) values (691227030884188160,1,2000,200,23,1,0,'2020-03-22 10:09:26',6,'2020-05-12 10:48:32',6),(691228169109241856,1,2400,100,23,0,0,'2020-03-22 10:13:57',6,'2020-03-22 10:13:57',6),(691228826285375488,1,1900,97,24,0,2,'2020-03-22 10:16:34',6,'2020-03-22 10:16:34',6),(691233902974468096,1,3100,100,24,0,0,'2020-03-22 10:36:44',6,'2020-03-22 10:36:44',6),(691235434264526848,1,3600,100,25,1,0,'2020-03-22 10:42:50',6,'2020-03-22 10:43:30',6),(691236177956569088,1,1950,100,25,0,0,'2020-03-22 10:45:47',6,'2020-03-22 10:45:47',6),(691236930439872512,1,1880,100,25,0,0,'2020-03-22 10:48:46',6,'2020-03-22 10:48:46',6),(691237668637376512,1,2980,95,25,1,2,'2020-03-22 10:51:42',6,'2020-04-11 16:34:23',6),(691239198878859264,1,2890,100,26,0,0,'2020-03-22 10:57:47',6,'2020-03-22 10:57:47',6),(691240033792819200,1,10840,200,26,0,0,'2020-03-22 11:01:06',6,'2020-03-22 11:01:06',6),(691241179290796032,1,10880,200,28,0,0,'2020-03-22 11:05:39',6,'2020-03-22 11:05:39',6),(691575483355103232,1,11370,100,29,0,0,'2020-03-23 09:14:04',6,'2020-03-23 09:14:04',6),(691575926479126528,1,12090,100,29,0,0,'2020-03-23 09:15:49',6,'2020-03-23 09:15:49',6),(691577377095942144,1,10030,195,177,0,2,'2020-03-23 09:21:35',6,'2020-03-23 09:21:35',6),(691578270403002368,1,6240,100,177,0,0,'2020-03-23 09:25:08',6,'2020-03-23 09:25:08',6),(691579165505224704,1,8730,91,177,0,2,'2020-03-23 09:28:41',6,'2020-03-23 09:28:41',6),(691579993276284928,1,11820,100,182,0,0,'2020-03-23 09:31:59',6,'2020-03-23 09:31:59',6),(699350971695759360,1,3940,100,26,0,0,'2020-04-13 20:11:04',6,'2020-04-13 20:11:04',6),(708628442022674432,1,9550,195,177,1,3,'2020-05-09 10:36:26',6,'2020-05-09 10:37:30',6),(709718564113743872,1,6020,100,23,0,0,'2020-05-12 10:48:11',6,'2020-05-12 10:48:11',6),(709721666384560128,1,12130,100,177,0,0,'2020-05-12 11:00:31',6,'2020-05-12 11:01:07',6),(709723979354472448,1,10000,200,177,1,0,'2020-05-12 11:09:42',6,'2020-05-12 11:10:34',6),(709727456143081472,1,4660,90,177,0,2,'2020-05-12 11:23:31',6,'2020-05-12 11:23:31',6),(709729876826914816,1,7030,100,177,0,0,'2020-05-12 11:33:08',6,'2020-05-12 11:33:42',6);

/*Table structure for table `goods_books` */

DROP TABLE IF EXISTS `goods_books`;

CREATE TABLE `goods_books` (
  `id` bigint(20) NOT NULL AUTO_INCREMENT COMMENT 'id',
  `goods_id` bigint(50) NOT NULL COMMENT '商品id',
  `author` varchar(255) NOT NULL COMMENT '作者',
  `publisher` varchar(255) NOT NULL COMMENT '出版社',
  `isbn` varchar(100) NOT NULL COMMENT 'ISBN',
  PRIMARY KEY (`id`),
  UNIQUE KEY `goods_id` (`goods_id`),
  FULLTEXT KEY `author` (`author`)
) ENGINE=InnoDB AUTO_INCREMENT=25 DEFAULT CHARSET=utf8;

/*Data for the table `goods_books` */

insert  into `goods_books`(`id`,`goods_id`,`author`,`publisher`,`isbn`) values (1,691227030884188160,'汪曾祺','时代文艺出版社','9787538756395'),(2,691228169109241856,'张抗抗','河南文艺出版社','9787555905233'),(3,691228826285375488,'鲁迅','北京燕山出版社','9787540250652'),(4,691233902974468096,'萧红','北京花山文艺出版社','9787551150408'),(5,691235434264526848,'吴承恩','商务印书馆','9787100119696'),(6,691236177956569088,'吴承恩','浙江教育出版社','9787553639154'),(7,691236930439872512,'曹雪芹','安徽教育出版社','9787533681678'),(8,691237668637376512,'罗贯中','民主与建设出版社','9787513922135'),(9,691239198878859264,'马西米利亚诺· 威尔吉利奥','百花洲文艺出版社','9787550027510'),(10,691240033792819200,'马德琳·英格','文汇出版社','9787549621385'),(11,691241179290796032,'阿瑟·柯南·道尔','江苏凤凰文艺出版社','9787559407498'),(12,691575483355103232,'天下霸唱','湖南文艺出版社','27897430'),(13,691575926479126528,'天下霸唱','湖南文艺出版社','27897431'),(14,691577377095942144,'Bruce Eckel','机械工业出版社','9787111213826'),(15,691578270403002368,'周志明','机械工业出版社','9787111421900'),(16,691579165505224704,'Joshua Bloch','机械工业出版社','9787111612728'),(17,691579993276284928,'(美)施瓦茨,(美)扎伊采夫,(美)特卡琴科','电子工业出版社','9787121198854'),(18,699350971695759360,'安德里·斯奈·德纳森','贵州人民出版社','9787221140289'),(19,708628442022674432,'阿里巴巴','电子工业出版社','27444749'),(20,709718564113743872,'朱秀海','中国青年出版社','9787020117246'),(21,709721666384560128,'凯·S.霍斯特曼','机械工业出版社','9787111636663'),(22,709723979354472448,'克雷格·沃斯','人民邮电出版社','9787115527929'),(23,709727456143081472,'方腾飞,魏鹏,程晓明','机械工业出版社','9787111508243'),(24,709729876826914816,'翟陆续,薛宾田','电子工业出版社','9787121349478');

/*Table structure for table `goods_info` */

DROP TABLE IF EXISTS `goods_info`;

CREATE TABLE `goods_info` (
  `id` bigint(20) NOT NULL COMMENT '商品id',
  `title` varchar(100) NOT NULL COMMENT '商品名字',
  `imgs` varchar(255) NOT NULL COMMENT '商品图片',
  `tags` varchar(100) DEFAULT NULL COMMENT '商品标签',
  `detail` text NOT NULL COMMENT '商品详情',
  `detail_imgs` varchar(255) DEFAULT NULL COMMENT '商品详情中的图片地址',
  PRIMARY KEY (`id`)
) ENGINE=InnoDB DEFAULT CHARSET=utf8;

/*Data for the table `goods_info` */

insert  into `goods_info`(`id`,`title`,`imgs`,`tags`,`detail`,`detail_imgs`) values (691227030884188160,'汪曾祺小说集：大淖记事','group1/M00/00/00/wKgAkl52yIWAbO2OAAAeLhRbv1o830.jpg','汪曾祺,小说','<img src=\"http://img56.ddimg.cn/99999990002523236.jpg\" />',NULL),(691228169109241856,'隐形伴侣','group1/M00/00/00/wKgAkl52ybGAIMTrAAIDOZxI_LI421.jpg','最美的书,张抗抗','<div id=\"abstract\" class=\"section\" style=\"margin:0px;padding:10px 0px 0px;border:0px;\">\n	<div class=\"title\" style=\"margin:0px;padding:0px;\">\n		编辑推荐\n	</div>\n	<div class=\"descrip\" style=\"margin:0px;padding:14px 20px;border:0px;color:#656565;font-size:14px;\">\n		<div class=\"item-mc\" style=\"margin:0px;padding:0px;border:0px;\">\n			<div class=\"book-detail-content\" style=\"margin:0px;padding:0px;border:0px;\">\n				<p>\n					◎长篇创作的里程碑。31年后再版，依然令人唏嘘。\n				</p>\n				<p>\n					◎“中国当代作家长篇小说典藏”丛书，定位于经典作品，经典阅读，经典收藏。\n				</p>\n				<p>\n					◎广大文学爱好者、写作者、专业研究者必读必备的读本。\n				</p>\n			</div>\n		</div>\n&nbsp;\n	</div>\n</div>\n<div id=\"content\" class=\"section\" style=\"margin:0px;padding:10px 0px 0px;border:0px;\">\n	<div class=\"title\" style=\"margin:0px;padding:0px;\">\n		内容简介\n	</div>\n	<div class=\"descrip\" style=\"margin:0px;padding:14px 20px;border:0px;color:#656565;font-size:14px;\">\n		<div class=\"item-mc\" style=\"margin:0px;padding:0px;border:0px;\">\n			<div class=\"book-detail-content\" style=\"margin:0px;padding:0px;border:0px;\">\n				<p>\n					《隐形伴侣》讲述了两个青年男女，在北大荒恋爱、结婚又离婚的故事。女主人公曾把自己关于真诚和正义的理想，寄予自己的恋人。但婚后的现实使她在极度的痛苦与迷惘中，对以往奉若神明的“真善美”和人性本质发出了诘问，终于认识到每一个人的体内都有另一个终身无法摆脱、令人恐惧和震颤的“隐形伴侣”。 人只有承认自我意识中的所谓“恶”，才能驾驭并超“恶”……作家在创作中尝试了有关潜意识、无意识、梦境、幻觉、隐喻、心理活动等多种写作方法，在其创作之路上，具有里程碑的意义。\n				</p>\n				<p>\n					《隐形伴侣》出版31年后，隆重再版。\n				</p>\n				<p>\n					此书为“中国当代作家长篇小说典藏”丛书之一。\n				</p>\n			</div>\n		</div>\n	</div>\n</div>\n<div id=\"authorIntroduction\" class=\"section\" style=\"margin:0px;padding:10px 0px 0px;border:0px;\">\n	<div class=\"title\" style=\"margin:0px;padding:0px;\">\n		作者简介\n	</div>\n	<div class=\"descrip\" style=\"margin:0px;padding:14px 20px;border:0px;color:#656565;font-size:14px;\">\n		张抗抗，著名作家。现为黑龙江省作家协会名誉主席，第七届、八届中国作家协会副主席，第十届、十一届、十二届全国政协委员，2009年被聘为国务院参事。代表作品有长篇小说《隐形伴侣》《赤彤丹朱》《情爱画廊》《作女》，以及《张抗抗自选集》五卷等。曾获全国优秀短篇小说奖、全国优秀中篇小说奖、庄重文文学奖、鲁迅文学奖、中国女性文学奖、蒲松龄短篇小说奖、冰心散文奖等多种奖项。有多部作品被翻译成英、法、德、日、俄文，并在海外出版。\n	</div>\n</div>\n<div id=\"extract\" class=\"section\" style=\"margin:0px;padding:10px 0px 0px;border:0px;\">\n	<div class=\"title\" style=\"margin:0px;padding:0px;\">\n		免费在线读\n	</div>\n	<div class=\"descrip\" style=\"margin:0px;padding:14px 20px;border:0px;color:#656565;font-size:14px;\">\n		<span id=\"extract-show-all\" style=\"font-family:&quot;background-color:#FFFFFF;\">\n		<div class=\"item-mc\" style=\"margin:0px;padding:0px;border:0px;\">\n			<div class=\"book-detail-content\" style=\"margin:0px;padding:0px;border:0px;\">\n				<p>\n					一\n				</p>\n				<p>\n					太阳沉落之后，原野在那片黛紫色的云霭下耐心等待了许久。漫冈的草尖尖上，闪烁着阳光未曾燃烧净尽的火星子。那一整个夏天，夜都是来得这么磨磨蹭蹭。直到它终于将那些金灰色的萤火虫，一只只收进自己的黑口袋，疲倦地匍匐歇息，浑蓝的天空才突然一下子不见了。\n				</p>\n				<p>\n					钻过围墙东头那个破土洞时，她的舌头死死抵住了自己的牙缝，唯恐那怦怦乱跳的心，真会弄出什么动静。鼓鼓的帆布书包，蹭着洞壁啪啪直往下掉沙粒，在静悄悄的野地里，像军训实弹演习时落地的炸弹崩响。那会儿她浑身的毛发都一根根竖了起来，头上一对刷子似的小辫儿变得硬邦邦的，好险没把她自个儿卡在洞口。\n				</p>\n				<p>\n					一阵苦涩的蒿草气息扑面而来，这是围墙外才有的青草味。她直起身子，望见那片空荡迷茫的旷野，模模糊糊，像一团弥散的浓烟。她深吸一口气，又袅袅地吐出去，站定了，惶惶四顾。\n				</p>\n				<p>\n					他在哪里？\n				</p>\n				<p>\n					凉丝丝的夜露，伏在密匝匝的草叶上，蛇一般地从脚脖上爬过，又缠在鞋面上，脚指头黏湿滞重起来。在江南冬天的水田里踏荸荠，瑟瑟搜寻稀泥中坚冷的硬块。初中最后一年下乡劳动，依依哭着离开那田埂上铺满蚕豆苗苗的小村落。这农田鞋下，是土豆地。头上是高粱穗，还是苞米须子？如重重叠叠的围墙，重重叠叠的黑夜。穿过去，穿过去，却总也穿不过去……\n				</p>\n				<p>\n					他呢？\n				</p>\n				<p>\n					手电筒早已攥出了汗，如一截刚刚洗净的紫皮甘蔗。假如按亮它呢，就只按一下。夜如此严厉陌生，吞没了树影和最后一线晚霞，连灰蓝的天空，连银白的星星，连油绿的风，连迅疾包围她的那些蚊子，都掩藏得不见踪影，只留下一片嗡嗡的声浪。嗬，北大荒，望不见一星灯光、一点渔火的寂寂原野，才有这样无边无际的夜，这样无穷无尽的黑色。像开春时浸透雪水的油黑的土地，黑得那么全心全意……\n				</p>\n				<p>\n					手里的电筒终于闪了一闪，从她头顶的一棵小榆树梢忽地掠过。\n				</p>\n				<p>\n					她打了一个寒噤。\n				</p>\n				<p>\n					几道横七竖八的铁丝网，从围墙顶端匍匐过去，在黑暗中发着幽幽的冷光，如一面巨大的网，从天空俯撒下来。土墙的拐角上，两座残破的岗楼依稀可辨，遥遥相对，像两只窥探的眼睛，鬼鬼祟祟地眨动……\n				</p>\n				<p>\n					到了放风时间？脚下会有纸团扔过来？也许就要高呼口号，将热血染红铁窗。英雄为什么总是要被囚禁？无论怎样牺牲都是英雄……\n				</p>\n				<p>\n					那曾是多么虔诚的渴望。可恨晚生了十年，铁丝网的象征竟会有如此根本的区别——大批大批的知青代替了那些蓬头垢面的劳改犯。这残留的土墙、岗楼、瞭望台……时时提醒着他们，这是一个昔日的劳改农场、劳改农场、劳改……\n				</p>\n				<p>\n					她毛骨悚然。她从未一个人在墙下独处。尤其在野外，在簌簌夜风中，那个巨大的黑影，像一座墓冢、一个牢笼、一个洞穴，渗出阴森森的凉气。\n				</p>\n				<p>\n					蒿草窸窣响动，传来一个低沉的男声：\n				</p>\n				<p>\n					“关掉手电!”\n				</p>\n				<p>\n					一双温热的大手，从身后环过来。她闻到一股熟悉的气息，热烘烘的汗气与烟味混杂的男人的气息。她把头靠在那宽宽的肩上，舒了口气；又紧紧箍住了他的脖子，把身子缩成一团，埋进他怀里。\n				</p>\n				<p>\n					他很快放开她，侧过身子，如一只竖起耳朵的警觉的猎犬，急急地说：“听！什么声音？”\n				</p>\n				<p>\n					……像是冬天旷野里秃秃的电线杆上怒吼的北风；像是融雪天野甸里远远的狼嚎；像是开闸奔涌的河水，哀怨悲怆地旋转；又如一群受了伤的小鸟，在嘤嘤地诉说什么……一种忽高忽低、忽强忽弱的颤音，参差不齐地从围墙里隐隐传来。\n				</p>\n				<p>\n					“是哭声。”她说，“我们排的南方女生，刚才全哭了。”\n				</p>\n				<p>\n					“哭什么？”\n				</p>\n				<p>\n					“她们收到家里来信，说钱塘江发大水了，要冲进城里来……有人说，见不到姆妈了。一个人哭开了头，两个人哭，最后大家都抱在一起哭了起来，阿丽哭得抽筋……”\n				</p>\n				<p>\n					他打断她：“把手绢给我。”\n				</p>\n				<p>\n					“做啥？”\n				</p>\n				<p>\n					“给我。”\n				</p>\n				<p>\n					她摸出手绢递给他。手绢叠得方方正正，有一股香皂味儿。\n				</p>\n				<p>\n					他在手里捏了一把，还给她。好像，笑了一笑。\n				</p>\n				<p>\n					“想不到，你倒没有哭嘛。”\n				</p>\n				<p>\n					“是没有哭。”她也笑笑，“她们刚刚开始哭，我就走出来了。”\n				</p>\n				<p>\n					小时候，妈妈去上班，她可以一个人坐在小板凳上哭到妈妈回来。妈妈！她自打离开家，就没给妈妈写过信。她哭什么？眼睛鼻子，都麻麻木木。\n				</p>\n				<p>\n					“有没有人看见你出来？”他想想，追问一句。\n				</p>\n				<p>\n					“没有。她们只顾哭了。”\n				</p>\n				<p>\n					“郭春莓呢？”\n				</p>\n				<p>\n					“她也没有哭。去寻杨大夫了，说要给大家打镇静剂。”\n				</p>\n				<p>\n					“哦，毛巾牙刷带没带？”\n				</p>\n				<p>\n					“带了。还有钱和粮票……”\n				</p>\n				<p>\n					他默不作声。她听见他把手指关节捏得咯咯地响。\n				</p>\n				<p>\n					“好，我们走吧。”他终于说。\n				</p>\n				<p>\n					“到哪里去呀？”\n				</p>\n				<p>\n					“跟我走好了。”\n				</p>\n				<p>\n					“是到佳木斯去看电影吗？还是……”\n				</p>\n				<p>\n					“同你说，不要多问了。”他有些不耐烦地揽过她的腰，重重地托了一把。\n				</p>\n				<p>\n					一条若有若无的小道，是上工的农田鞋从地头的草棵子里踩出来的，通往前面灰蒙蒙的大路。\n				</p>\n				<p>\n					她停下了，迟疑地抓住自己的书包带。\n				</p>\n				<p>\n					“我一定要晓得。”她说。\n				</p>\n				<p>\n					他狠狠地撅了一根草棍，折断了，扔在地上，低声吼道：“下午他们审讯我，你没看见？你要晓得，你老早就应该晓得，我们去哪里——回南方，回杭州。难道还有啥别的地方好去吗？”\n				</p>\n				<p>\n					她倒抽一口冷气。\n				</p>\n				<p>\n					“回杭州？我、我还没请假呢！”\n				</p>\n				<p>\n					“请假，”他冷笑了一声，“亏你想得周到。”\n				</p>\n				<p>\n					她怔了一会儿，咬着嘴唇，半天，犹豫地说：“那他们、他们会说我们……是……逃兵！”\n				</p>\n				<p>\n					“你慌了？”黑暗中，对面跳起两团灼人的火星，迸溅过来。“我还以为，假如没有一个人支持我，还有你哩。”他甩下她，径自朝大路走去，“说实在的，要你一道走，不是为我，是为你。我走了留下你一个，你就有苦头吃了。逃兵？这里又不是珍宝岛……”\n				</p>\n				<p>\n					声音远了些，脚步却又停住了。\n				</p>\n				<p>\n					……隐隐约约的呜咽，依然断断续续地回旋在那片四四方方的黑墙上空，似一群没有归宿、飘忽不定的游魂，在这异乡异地徘徊流浪……\n				</p>\n				<p>\n					一年前的那个傍晚，载着满满一车行李和人的热特车，驶进这围墙时，有一只哭丧着脸的破锣扯着嗓子欢迎他们。叮叮哐、叮叮哐……从此钉紧了箱盖。\n				</p>\n				<p>\n					她飞快地追上去，紧紧挽住了他的胳膊。\n				</p>\n				<p>\n					脚步嚓嚓，分不清是一个人还是两个人。\n				</p>\n				<p>\n					她回身望了一眼那片土墙的暗影，奇怪自己对它并没有怎样的留恋。她在那墙里住了整整一年，一年中她从未幻想过离开这里，可突然，她和他，各背一只书包，神不知鬼不觉地穿过那土墙下的“清波门”，从从容容地走了。\n				</p>\n				<p>\n					好像哪儿有点不顺，不顺，别扭。总好像哪儿有点颠颠倒倒的……真的，颠颠倒倒。这条路，正好是朝着一年前来农场时相反的方向……\n				</p>\n				<p>\n					不过，同他在一起，当逃兵，好像也并不那么可怕。\n				</p>\n				<p>\n					狰狞的黑夜微笑了，小辫儿柔软地在肩上一跳一跳。\n				</p>\n			</div>\n		</div>\n</span>\n		<div class=\"section_show_more\" style=\"margin:0px;padding:15px 0px 0px;border:0px;text-align:right;font-family:&quot;background-color:#FFFFFF;\">\n		</div>\n	</div>\n</div>',NULL),(691228826285375488,'狂人日记','group1/M00/00/00/wKgAkl52ymOADOcoAAC3qCiWyN0686.jpg','狂人日记,鲁迅,周树人','<div id=\"abstract\" class=\"section\" style=\"margin:0px;padding:10px 0px 0px;border:0px;color:#666666;font-family:&quot;background-color:#FFFFFF;\">\n	<div class=\"title\" style=\"margin:0px;padding:0px;\">\n		<span style=\"background:url(&quot;font-size:14px;line-height:22px;font-family:&quot;color:#323232;\">编辑推荐</span>\n	</div>\n	<div class=\"descrip\" style=\"margin:0px;padding:14px 20px;border:0px;color:#656565;font-size:14px;\">\n		<span id=\"abstract-all\"></span>与所有爱书人一道，执守对书的信仰！本书依据两个标准：阅读的标准——优秀作家，经典作品；选书的标准——有版本价值的文本，高质量的编校！关于鲁迅和鲁迅小说，我们有很多话想说！&nbsp;◆鲁迅是谁？鲁迅常见的标签是：伟大的文学家、思想家和革命家。而每一位认真读过他作品的人都认为，他不是一个特立独行、愤世嫉俗的标签。他是一个内心干净、大写的人，一个理想主义者，一个思考者 、观察者和实践者，一个一直在彷徨、求索与呐喊的人。◆为什么要读鲁迅？&nbsp; &nbsp; &nbsp; 意大利作家卡尔维诺写过一篇文章《为什么要读经典》，总结了经典作品的十四大特点，譬如：经典作品“是那些你经常听人家说‘我正在重读……’而不是‘我正在读……’的书”，是“对读过并喜爱它们的人构成一种宝贵的经验”的书，是“每次重读都好像初读那样带来发现的书”，是“我们越是道听途说，以为我们懂了，当我们实际读它们，我们就越是觉得它们独特、意想不到和新颖”的书……鲁迅的作品与这十四大特点完全匹配。◆怎样读懂鲁迅？鲁迅著作浩繁，鲁迅作品难读，这是公认的。鲁迅小说，是阅读鲁迅、读懂鲁迅的一个捷径。鲁迅的小说，思想性不亚于他的杂文，艺术上又是中国“真正意义上的现代化小说”。◆怎样选择鲁迅的书？鲁迅作品版本繁多，内容形式大同小异，该怎么选？选书的不二法门：选具有版本价值的，选编校质量优良的！本版《狂人日记：鲁迅小说全集》，底本全部依据鲁迅生前定稿版本，保留作品原始、完整风貌，无删节，不做现代汉语规范化处理；由鲁迅研究者审定、注释，资深编辑数次审校，文本质量优良。&nbsp;\n	</div>\n</div>\n<div id=\"content\" class=\"section\" style=\"margin:0px;padding:10px 0px 0px;border:0px;color:#666666;font-family:&quot;background-color:#FFFFFF;\">\n	<div class=\"title\" style=\"margin:0px;padding:0px;\">\n		<span style=\"background:url(&quot;font-size:14px;line-height:22px;font-family:&quot;color:#323232;\">内容简介</span>\n	</div>\n	<div class=\"descrip\" style=\"margin:0px;padding:14px 20px;border:0px;color:#656565;font-size:14px;\">\n		<span id=\"content-all\"></span>鲁迅一生笔耕不辍，著述颇巨。小说是他创作生涯中比重不算大，但是意义和影响力与杂文同样重大的部分。本书是鲁迅小说全集，包括三个小说集：《呐喊》《彷徨》《故事新编》，以及未收入这三个集子中的小说，并附有鲁迅关于自己小说创作的相关文字。鲁迅创作了中国“真正意义上的现代化小说”，开创了中国现代小说的先河。他以白话进行创作，写人的悲剧和挣扎，写民族的苦难和希望；他以生活片段来展示时代的全貌；他用丰富多样的艺术手法塑造人物，揭示人物性格的复杂性；他吸收和借鉴了西方现代小说的经验,作品呈现出多种多样的叙述方式和叙述角度。他的小说，无论在思想内容还是艺术形式上都将短篇小说的发展推向了一个新的高峰。\n	</div>\n</div>\n<div id=\"authorIntroduction\" class=\"section\" style=\"margin:0px;padding:10px 0px 0px;border:0px;color:#666666;font-family:&quot;background-color:#FFFFFF;\">\n	<div class=\"title\" style=\"margin:0px;padding:0px;\">\n		<span style=\"background:url(&quot;font-size:14px;line-height:22px;font-family:&quot;color:#323232;\">作者简介</span>\n	</div>\n	<div class=\"descrip\" style=\"margin:0px;padding:14px 20px;border:0px;color:#656565;font-size:14px;\">\n		<span id=\"authorIntroduction-all\"></span>鲁迅（1881—1936），原名周樟寿，后改名周树人，字豫山，后改豫才，浙江绍兴人，现代文学家、思想家。“鲁迅”是他一九一八年发表《狂人日记》时所用的笔名，也是他影响最为广泛的笔名。&nbsp; &nbsp; &nbsp;鲁迅一生在文学创作、文学批评、思想研究、文学史研究、翻译、美术理论引进、基础科学介绍和古籍校勘与研究等多个领域具有重大贡献。他对于五四运动以后的中国社会思想文化发展具有重大影响，也是蜚声世界文坛的中国作家，被誉为“二十世纪东亚文化地图上占最大领土的作家”。&nbsp; &nbsp; 鲁迅一生笔耕不辍，留下大量著述。主要有小说集《呐喊》、《彷徨》、《故事新编》，论文集《坟》，散文诗集《野草》，散文集《朝花夕拾》，杂文集《热风》、《华盖集》、《华盖集续编》等。&nbsp;\n	</div>\n</div>\n<div id=\"catalog\" class=\"section\" style=\"margin:0px;padding:10px 0px 0px;border:0px;color:#666666;font-family:&quot;background-color:#FFFFFF;\">\n	<div class=\"title\" style=\"margin:0px;padding:0px;\">\n		<span style=\"background:url(&quot;font-size:14px;line-height:22px;font-family:&quot;color:#323232;\">目　　录</span>\n	</div>\n	<div class=\"descrip\" style=\"margin:0px;padding:14px 20px;border:0px;color:#656565;font-size:14px;\">\n		<span id=\"catalog-all\"></span><br />\n呐喊自序狂人日记孔乙己药明天一件小事头发的故事风波故乡阿Q正传端午节白光兔和猫鸭的喜剧社戏<br />\n彷徨祝福在酒楼上幸福的家庭肥皂长明灯示众高老夫子孤独者伤逝弟兄离婚故事新编序言补天奔月理水采薇铸剑出关非攻起死附录《怀旧》鲁迅论小说创作选编\n	</div>\n</div>\n<div id=\"preface\" class=\"section\" style=\"margin:0px;padding:10px 0px 0px;border:0px;color:#666666;font-family:&quot;background-color:#FFFFFF;\">\n	<div class=\"title\" style=\"margin:0px;padding:0px;\">\n		<span style=\"background:url(&quot;font-size:14px;line-height:22px;font-family:&quot;color:#323232;\">前　　言</span>\n	</div>\n	<div class=\"descrip\" style=\"margin:0px;padding:14px 20px;border:0px;color:#656565;font-size:14px;\">\n		<span id=\"preface-all\"></span>本书是鲁迅小说全集，以《狂人日记》为全集之名，盖因这部小说在鲁迅的文学生涯和中国现代文学史上的地位。《狂人日记》是鲁迅创作的第一个短篇白话日记体小说，也是中国第一部现代白话小说。它奠定了中国现代小说创作的基础，它的反封建主题具有现代思想启蒙意义，它深刻影响了二十世纪中国文学史和思想史。直到今天，这部作品仍然具有常读常新的思想价值。鲁迅创作了“真正意义上的现代化小说”，开创了中国现代小说的先河。他以白话进行创作，写人的悲剧和挣扎，写民族的苦难和希望；他以生活片段来展示时代的全貌；他用丰富多样的艺术手法塑造人物，揭示人物性格的复杂性；他吸收和借鉴了西方现代小说的经验,作品呈现出多种多样的叙述方式和叙述角度。他的小说，无论在思想内容还是艺术形式上都将短篇小说的发展推向了一个新的高峰。本书编辑体例与特点如下：一、本书收入了鲁迅创作的所有小说，保持鲁迅生前所编各集原貌，依发表时间排序，分为《呐喊》、《彷徨》、《故事新编》和附录四部分。二、本书附录有两部分内容。《怀旧》一篇，最初发表于一九一三年四月的《小说月报》，未被编入《呐喊》和《彷徨》，后来被编入了《集外集拾遗》，本书以附录形式呈现。《鲁迅论小说创作选编》，是鲁迅关于自己小说作品的谈论，辑录于此，以飨读者。三、本书所选篇目，整篇收入，无删减或节选。四、本书遵循经典作家文集的编校原则，充分尊重作者，保留作品的原貌，即：字词、标点、句法等不依当前现代汉语的规范予以处理，个别原版错别字以括号内附正确字的方式标记。五、作品中的译名译法皆依原著，不予统一或者规范处理，必要的地方以注释的方式加以说明。六、书中注释为鲁迅研究者标注。希望本书能很好地引领读者欣赏鲁迅的文学成就和思想风采。\n	</div>\n</div>\n<div id=\"mediaFeedback\" class=\"section\" style=\"margin:0px;padding:10px 0px 0px;border:0px;color:#666666;font-family:&quot;background-color:#FFFFFF;\">\n	<div class=\"title\" style=\"margin:0px;padding:0px;\">\n		<span style=\"background:url(&quot;font-size:14px;line-height:22px;font-family:&quot;color:#323232;\">媒体评论</span>\n	</div>\n	<div class=\"descrip\" style=\"margin:0px;padding:14px 20px;border:0px;color:#656565;font-size:14px;\">\n		<span id=\"mediaFeedback-show-all\">《呐喊》是近数年来中国文坛上少见之作，那样的讥诮而沉挚，那样的描写深刻，似乎一个字一个字都是用刀刻在木上的。——现代作家、翻译家&nbsp; 郑振铎　　如果把五四运动仅仅理解为怀有明确目的去除旧布新的群众运动的话，鲁迅就不能说是五四运动的真正代表。他体现着新与旧的冲突；同时也体现着另一些超越历史的更深刻的冲突。他从不曾得到他的同时代人胡适和周作人所曾享有的那种宁静的心境，但他却是比他们中间任何一个都更其伟大的天才。――〔美〕文学评论家&nbsp; 夏济安　　这五年以来白话文学……成绩*的却是一位托名“鲁迅”的。他的短篇小说，从四年前的《狂人日记》到*后的《阿Q正传》虽然不多，差不多没有不好的。――现代思想家、文学家&nbsp; 胡适从二十世纪九十年代以来，“中国文坛学界，轮番走过各式各样的‘主义’的鼓吹者，而且几乎是毫无例外地要以‘批判鲁迅’为自己开路”。但几十年来，我从来不为批判者的高论、喧嚣所动，依然我行我素，以鲁迅提倡的韧性精神，到处讲鲁迅，一有机会就讲鲁迅。可以说是乐此不疲，而且越讲越起劲。——北大教授、中国鲁迅学会理事&nbsp; 钱理群还是在20世纪20年代中期，当有人建议鲁迅的小说再版的时候，他是反对的，理由是不愿意那些文字久久地在世间流行……事情却和他的意愿相反，在二十年代的时候，他的作品就被选入了语文的教材里。喜欢他的读者是那么多。鲁迅的受人欢迎，有多种原因。那完全是一个全新的世界，真实地还原了现存世界的明暗，对生命的痛感的描述是前无古人的，那大概是受到了尼采、安德烈夫、迦尔洵的影响所致。在那些奇异的文本里，还有着冷热相间的幽默，以及精神的穿透力。西方学者的逻辑的力量也呈现在那里。更重要的是，所写的文字，都是个体生命的无伪的袒露，自己的困惑、不安及不甘于沦落的冲动都闪现其间。所以茅盾和瞿秋白都感叹那文本的深邃，以为无论在精神的深和艺术的新上，都是当时的任何人所不及的。将鲁迅的作品引入教科书里，是几代有识之士的选择。叶圣陶、吕叔湘、张志公、张中行这些语文教材的编辑大家，都对鲁迅推崇不已……上述诸人，从鲁迅的文字里发现了其弥足珍贵的因子，把闪光的文本介绍给青年，至少可以懂得创造和审美，爱心与责任的价值。——人民大学教授、鲁迅博物馆馆长&nbsp; 孙郁重读鲁迅，抛开所有的“神话”，鲁迅是个写实主义与浪漫主义的混合体，在它的《故乡》《从百草园到三味书屋》《阿长与三海经》里你明显可以读出浪漫主义的乡愁式想象，但到《呐喊》、《彷徨》纯粹的写实主义近似自然主义，这种复式结构让我联想起沈从文的《边城》和《长河》的浪漫主义与写实主义的强烈对比，也许乡愁情绪就是如此，如此矛盾，快乐与悲伤，虚构与真实。鲁迅被太多人的误读了，大家真的应该读过他的书再去评判他。他的文章深度应是现当代文学中无人可比肩的。&nbsp;——读者&nbsp;记得中学的时候，写过一篇作文，好像是关于鲁迅和李白的。这两个人,有一句话怎么说来着，仰之弥高，钻之弥坚。他们站在两座高山上，看着星汉灿烂的世间。鲁迅的文章，随着年龄的增长，我们会有不同的感受。少年时，惟觉其犀利和刀锋；现在，觉其独特和辛酸；可能再过几年，会发现更多不一样的玩味。有的时候，读一读鲁迅，这世间的那些平凡，也便成了稀世。——读者</span>\n	</div>\n</div>',NULL),(691233902974468096,'呼兰河传','group1/M00/00/00/wKgAkl52ztqAOK_GAAB4r0krBOU914.jpg','萧红,文学洛神','<div id=\"feature\" class=\"section\" style=\"margin:0px;padding:10px 0px 0px;border:0px;color:#666666;font-family:&quot;background-color:#FFFFFF;\">\n	<div class=\"descrip\" style=\"margin:0px;padding:14px 20px;border:0px;color:#656565;font-size:14px;\">\n		<p>\n			<img src=\"http://img51.ddimg.cn/99999990085253521.jpg\" alt=\"\" width=\"800\" />\n		</p>\n	</div>\n</div>\n<div id=\"abstract\" class=\"section\" style=\"margin:0px;padding:10px 0px 0px;border:0px;color:#666666;font-family:&quot;background-color:#FFFFFF;\">\n	<div class=\"title\" style=\"margin:0px;padding:0px;\">\n		<span style=\"background:url(&quot;font-size:14px;line-height:22px;font-family:&quot;color:#323232;\">编辑推荐</span>\n	</div>\n	<div class=\"descrip\" style=\"margin:0px;padding:14px 20px;border:0px;color:#656565;font-size:14px;\">\n		<span id=\"abstract-all\"></span>\n		<p>\n			★中国现代诗性小说扛鼎之作，20世纪中文小说100强。\n		</p>\n		<p>\n			★备受鲁迅、茅盾激赏，继张爱玲、林徽因之后的才女作家超越时代的绝世经典，文学洛神 “墨迹斑驳”的黄金时代。\n		</p>\n		<p>\n			★教育部统编《语文》推荐阅读书目。\n		</p>\n		<p>\n			★特别收录萧红成名作《生死场》。\n		</p>\n		<p>\n			★悲凉寂寞的童年梦，凄婉忧郁的故乡情。\n		</p>\n		<p>\n			&nbsp;\n		</p>\n&nbsp;\n	</div>\n</div>\n<div id=\"content\" class=\"section\" style=\"margin:0px;padding:10px 0px 0px;border:0px;color:#666666;font-family:&quot;background-color:#FFFFFF;\">\n	<div class=\"title\" style=\"margin:0px;padding:0px;\">\n		<span style=\"background:url(&quot;font-size:14px;line-height:22px;font-family:&quot;color:#323232;\">内容简介</span>\n	</div>\n	<div class=\"descrip\" style=\"margin:0px;padding:14px 20px;border:0px;color:#656565;font-size:14px;\">\n		<span id=\"content-all\"></span>\n		<p>\n			《呼兰河传》是萧红多年漂泊之后，在人生末期回顾童年，写下的一部充满童心、诗趣和灵动的\"\"回忆体\"\"长篇小说。她用绘画式的语言，为灰暗时代勾勒出大红大绿、童趣盎然的生命力，以简洁无华的笔法，记录下悲凉人生转瞬即逝的暖意与恬淡，照应出那个时代中国人多舛的命运和知识分子无奈的选择。\n		</p>\n		<p>\n			《生死场》是萧红的成名作，也是20世纪中国现代文学经典之一。作品以哈尔滨近郊农村为背景，讲述三个家庭的变迁，对生与死，人性与生存，这些古老论题，进行了透彻而深邃的诠释。鲁迅赞其是描绘北方人民对生的坚强，对死的挣扎的一幅力透纸背的图画。\n		</p>\n		<p>\n			本书将萧红两部经典作品加以融合，相互呼应，相得益彰，更能展现萧红文学作品的价值和其所描绘的时代的完整风貌。\n		</p>\n		<p>\n			&nbsp;\n		</p>\n	</div>\n</div>\n<div id=\"authorIntroduction\" class=\"section\" style=\"margin:0px;padding:10px 0px 0px;border:0px;color:#666666;font-family:&quot;background-color:#FFFFFF;\">\n	<div class=\"title\" style=\"margin:0px;padding:0px;\">\n		<span style=\"background:url(&quot;font-size:14px;line-height:22px;font-family:&quot;color:#323232;\">作者简介</span>\n	</div>\n	<div class=\"descrip\" style=\"margin:0px;padding:14px 20px;border:0px;color:#656565;font-size:14px;\">\n		<span id=\"authorIntroduction-all\"></span>\n		<p>\n			萧红（1911—1942），中国近现代著名女作家，被誉为 “文学洛神”，原名张廼莹，笔名萧红，黑龙江呼兰人。\n		</p>\n		<p>\n			萧红生于黑龙江呼兰县城的富裕家庭，幼年丧母。 19岁因反对包办婚姻逃离家庭，21岁正式开始文学创作，24岁时在鲁迅的帮助下出版成名作《生死场》，31岁病逝于香港，去世前完成经典之作《呼兰河传》。\n		</p>\n		<p>\n			萧红一生感情炽热，毕生追求爱与自由，三次婚恋，两次失子，半生漂泊。虽然历经艰险，颠沛流离，但文学才华终未埋没，其作品强烈关注普通人的境遇和命运，个人色彩独特而浓厚，迥异于同时代任何作家。\n		</p>\n		<p>\n			代表作：《呼兰河传》《生死场》等\n		</p>\n		<p>\n			&nbsp;\n		</p>\n	</div>\n</div>\n<div id=\"catalog\" class=\"section\" style=\"margin:0px;padding:10px 0px 0px;border:0px;color:#666666;font-family:&quot;background-color:#FFFFFF;\">\n	<div class=\"title\" style=\"margin:0px;padding:0px;\">\n		<span style=\"background:url(&quot;font-size:14px;line-height:22px;font-family:&quot;color:#323232;\">目　　录</span>\n	</div>\n	<div class=\"descrip\" style=\"margin:0px;padding:14px 20px;border:0px;color:#656565;font-size:14px;\">\n		<span id=\"catalog-show\">呼兰河传<br />\n第一章<br />\n第二章<br />\n第三章<br />\n第四章<br />\n第五章<br />\n第六章<br />\n第七章<br />\n尾声<br />\n生死场<br />\n序/ 鲁迅<br />\n一、麦场<br />\n二、菜圃<br />\n三、老马走进屠场</span>\n		<div class=\"section_show_more\" style=\"margin:0px;padding:15px 0px 0px;border:0px;text-align:right;\">\n			<a class=\"section_show_more\" id=\"catalog-btn\">显示全部信息</a>\n		</div>\n	</div>\n</div>\n<div id=\"mediaFeedback\" class=\"section\" style=\"margin:0px;padding:10px 0px 0px;border:0px;color:#666666;font-family:&quot;background-color:#FFFFFF;\">\n	<div class=\"title\" style=\"margin:0px;padding:0px;\">\n		<span style=\"background:url(&quot;font-size:14px;line-height:22px;font-family:&quot;color:#323232;\">媒体评论</span>\n	</div>\n	<div class=\"descrip\" style=\"margin:0px;padding:14px 20px;border:0px;color:#656565;font-size:14px;\">\n		<span id=\"mediaFeedback-show\">我看萧红的文字，感觉有一种纯洁的灵魂。<br />\n——鲁迅<br />\n它是一篇叙事诗，一幅多彩的风土画，一串凄婉的歌谣。<br />\n——茅盾<br />\n她是20世纪中国*秀的作家之一，她的作品将成为此后世世代代都有人阅读的经典之作。<br />\n——夏志清<br />\n我偶然读到了《呼兰河传》，没读几页，马上就喜欢上了她，看得真的是爱不释手，一看就一整天。后来有机会去了哈尔滨，去了呼兰河，到了那个地方，我激动得热泪纵横。?<br />\n——葛浩文</span>\n		<div class=\"section_show_more\" style=\"margin:0px;padding:15px 0px 0px;border:0px;text-align:right;\">\n			<a class=\"section_show_more\" id=\"mediaFeedback-btn\">显示全部信息</a>\n		</div>\n	</div>\n</div>\n<div id=\"extract\" class=\"section\" style=\"margin:0px;padding:10px 0px 0px;border:0px;color:#666666;font-family:&quot;background-color:#FFFFFF;\">\n	<div class=\"title\" style=\"margin:0px;padding:0px;\">\n		<span style=\"background:url(&quot;font-size:14px;line-height:22px;font-family:&quot;color:#323232;\">免费在线读</span>\n	</div>\n	<div class=\"descrip\" style=\"margin:0px;padding:14px 20px;border:0px;color:#656565;font-size:14px;\">\n		<span id=\"extract-all\"></span>\n		<p>\n			<strong>试读：</strong>\n		</p>\n		<p>\n			第一章\n		</p>\n		<p>\n			一\n		</p>\n		<p>\n			严冬一封锁了大地的时候，则大地满地裂着口。从南到北，从东 到西，几尺长的，一丈长的，还有好几丈长的，它们毫无方向的，便 随时随地，只要严冬一到，大地就裂开口了。\n		</p>\n		<p>\n			严寒把大地冻裂了。\n		</p>\n		<p>\n			年老的人，一进屋用扫帚扫着胡子上的冰溜，一面说：&nbsp;\n		</p>\n		<p>\n			“今天好冷啊！地冻裂了。”&nbsp;\n		</p>\n		<p>\n			赶车的车夫，顶着三星，绕着大鞭子走了六七十里，天刚一蒙亮， 进了大车店，第一句话就向客栈掌柜的说：&nbsp;\n		</p>\n		<p>\n			“好厉害的天啊！小刀子一样。”&nbsp;\n		</p>\n		<p>\n			等进了栈房，摘下狗皮帽子来，抽一袋烟之后，伸手去拿热馒头 的时候，那伸出来的手在手背上有无数的裂口。&nbsp;\n		</p>\n		<p>\n			人的手被冻裂了。&nbsp;\n		</p>\n		<p>\n			卖豆腐的人清早起来沿着人家去叫卖，偶一不慎，就把盛豆腐的 方木盘贴在地上拿不起来了，被冻在地上了。&nbsp;\n		</p>\n		<p>\n			卖馒头的老头，背着木箱子，里边装着热馒头，太阳一出来，就 在街上叫唤。他刚一从家里出来的时候，他走得快，他喊的声音也大。 可是过不了一会，他的脚上挂了掌子了，在脚心上好像踏着一个鸡蛋 似的，圆滚滚的。原来冰雪封满了他的脚底了。他走起来十分的不得 力，若不是十分的加着小心，他就要跌倒了。就是这样，也还是跌倒的。 跌倒了是不很好的，把馒头箱子跌翻了，馒头从箱底一个一个地滚了 出来。旁边若有人看见，趁着这机会，趁着老头子倒下一时还爬不起 来的时候，就拾了几个一边吃着就走了。等老头子挣扎起来，连馒头 带冰雪一起捡到箱子去，一数，不对数。他明白了。他向着那走不太 远的吃他馒头的人说：\n		</p>\n		<p>\n			“好冷的天，地皮冻裂了，吞了我的馒头了。”&nbsp;\n		</p>\n		<p>\n			路行人听了这话都笑了。他背起箱子来再往前走，那脚下的冰溜， 似乎是越结越高，使他越走越困难，于是背上出了汗，眼睛上了霜， 胡子上的冰溜越挂越多，而且因为呼吸的关系，把破皮帽子的帽耳朵 和帽前遮都挂了霜了。这老头越走越慢，担心受怕，颤颤惊惊，好像 初次穿上滑冰鞋，被朋友推上了溜冰场似的。\n		</p>\n		<p>\n			小狗冻得夜夜地叫唤，哽哽的，好像它的脚爪被火烧着一样。&nbsp;\n		</p>\n		<p>\n			天再冷下去：&nbsp;\n		</p>\n		<p>\n			水缸被冻裂了；\n		</p>\n		<p>\n			井被冻住了；&nbsp;\n		</p>\n		<p>\n			大风雪的夜里，竟会把人家的房子封住，睡了一夜，早晨起来， 一推门，竟推不开了。&nbsp;\n		</p>\n		<p>\n			大地一到了这严寒的季节，一切都变了样，天空是灰色的，好像 刮了大风之后，呈着一种混沌沌的气象，而且整天飞着清雪。人们走 起路来是快的，嘴里边的呼吸，一遇到了严寒好像冒着烟似的。七匹 马拉着一辆大车，在旷野上成串的一辆挨着一辆地跑，打着灯笼，甩 着大鞭子，天空挂着三星。跑了二里路之后，马就冒汗了。再跑下去， 这一批人马在冰天雪地里边竟热气腾腾的了。一直到太阳出来，进了 栈房，那些马才停止了出汗。但是一停止了出汗，马毛立刻就上了霜。&nbsp;\n		</p>\n		<p>\n			人和马吃饱了之后，他们再跑。这寒带的地方，人家很少，不像 南方，走了一村，不远又来了一村，过了一镇，不远又来了一镇。这 里是什么也看不见，远望出去是一片白。从这一村到那一村，根本是 看不见的，只有凭了认路的人的记忆才知道是走向了什么方向。拉着 粮食的七匹马的大车，是到他们附近的城里去。载来大豆的卖了大豆， 载来高粱的卖了高粱。等回去的时候，他们带了油、盐和布匹。&nbsp;\n		</p>\n		<p>\n			呼兰河就是这样的小城，这小城并不怎样繁华，只有两条大街， 一条从南到北，一条从东到西，而最有名的算是十字街了。十字街口 集中了全城的精华。十字街上有金银首饰店、布庄、油盐店、茶庄、 药店，也有拔牙的洋医生。那医生的门前，挂着很大的招牌，那招牌 上画着特别大的有量米的斗那么大的一排牙齿。这广告在这小城里边 无乃太不相当，使人们看了竟不知道那是什么东西，因为油店、布店 和盐店，他们都没有什么广告，也不过是盐店门前写个“盐”字，布 店门前挂了两张怕是自古亦有之的两张布幌子。其余的如药店的招牌， 也不过是把那戴着花镜的伸出手去在小枕头上号着妇女们的脉管的医 生的名字挂在门外就是了。比方那医生的名字叫李永春，那药店也就 叫“李永春”。人们凭着记忆，哪怕就是李永春摘掉了他的招牌，人们 也都知李永春是在哪里。不但城里的人这样，就是从乡下来的人也多 少都把这城里的街道，和街道上尽是些什么都记熟了。用不着什么广 告，用不着什么招引的方式，要买的比如油盐、布匹之类，自己走进 去就会买。不需要的，你就是挂了多大的牌子，人们也是不去买。那 牙医生就是一个例子，那从乡下来的人们看了这么大的牙齿，真是觉 得稀奇古怪，所以那大牌子前边，停了许多人在看，看也看不出是什 么道理来。假若他是正在牙痛，他也绝对的不去让那用洋法子的医生 给他拔掉，也还是走到李永春药店去，买二两黄连，回家去含着算了 吧！因为那牌子上的牙齿太大了，有点莫名其妙，怪害怕的。&nbsp;\n		</p>\n		<p>\n			所以那牙医生，挂了两三年招牌，到那里去拔牙的却是寥寥无几。\n		</p>\n		<p>\n			后来那女医生没有办法，大概是生活没法维持，她兼做了收生婆。&nbsp;\n		</p>\n		<p>\n			城里除了十字街之外，还有两条街，一条叫作东二道街，一条叫 作西二道街。这两条街是从南到北的，大概五六里长。这两条街上没 有什么好记载的，有几座庙，有几家烧饼铺，有几家粮栈。&nbsp;\n		</p>\n		<p>\n			东二道街上有一家火磨，那火磨的院子很大，用红色的好砖砌起 来的大烟筒是非常高的，听说那火磨里边进去不得，那里边的消信可 多了，是碰不得的。一碰就会把人用火烧死，不然为什么叫火磨呢？ 就是因为有火，听说那里边不用马，或是毛驴拉磨，用的是火。一般 人以为尽是用火，岂不把火磨烧着了吗？想来想去，想不明白，越想 也就越糊涂。偏偏那火磨又是不准参观的。听说门口站着守卫。\n		</p>\n		<p>\n			东二道街上还有两家学堂，一个在南头，一个在北头。都是在庙 里边，一个在龙王庙里，一个在祖师庙里。两个都是小学：&nbsp;\n		</p>\n		<p>\n			龙王庙里的那个学的是养蚕，叫作农业学校。祖师庙里的那个， 是个普通的小学，还有高级班，所以又叫作高等小学。\n		</p>\n		<p>\n			这两个学校，名目上虽然不同，实际上是没有什么分别的。也不 过那叫作农业学校的，到了秋天把蚕用油炒起来，教员们大吃几顿就 是了。&nbsp;\n		</p>\n		<p>\n			那叫作高等小学的，没有蚕吃，那里边的学生的确比农业学校的 学生长得高，农业学生开头是念“人、手、足、刀、尺”，顶大的也不 过十六七岁。那高等小学的学生却不同了，吹着洋号，竟有二十四岁的， 在乡下私学馆里已经教了四五年的书了，现在才来上高等小学。也有 在粮栈里当了二年的管账先生的现在也来上学了。&nbsp;\n		</p>\n		<p>\n			这小学的学生写起家信来，竟有写到：“小秃子闹眼睛好了没有？” 小秃子就是他的八岁的长公子的小名。次公子、女公子还都没有写上， 若都写上怕是把信写得太长了。因为他已经子女成群，已经是一家之 主了，写起信来总是多谈一些个家政：姓王的地户的地租送来没有？大 豆卖了没有？行情如何之类。\n		</p>\n		<p>\n			这样的学生，在课堂里边也是极有地位的，教师也得尊敬他，一 不留心，他这样的学生就站起来了，手里拿着《康熙字典》，常常会把 先生指问住的。万里乾坤的“乾”和乾菜的“乾”，据这学生说是不同的。 乾菜的“乾”应该这样写：“ ”，而不是那样写：“乾”。\n		</p>\n		<p>\n			西二道街上不但没有火磨，学堂也就只有一个。是个清真学校， 设在城隍庙里边。&nbsp;\n		</p>\n		<p>\n			其余的也和东二道街一样，灰秃秃的，若有车马走过，则烟尘滚滚， 下了雨满地是泥。而且东二道街上有大泥坑一个，五六尺深。不下雨 那泥浆好像粥一样，下了雨，这泥坑就变成河了，附近的人家，就要 吃它的苦头，冲了人家里满了是泥，等坑水一落了去，天一晴了，被 太阳一晒，出来很多蚊子飞到附近的人家去。同时那泥坑也就越晒越 纯净，好像在提炼什么似的，好像要从那泥坑里边提炼出点什么来似 的。若是一个月以上不下雨，那大泥坑的质度更纯了，水分完全被蒸 发走了，那里边的泥，又黏又黑，比粥锅潋糊，比浆糊还黏。好像炼 胶的大锅似的，黑糊糊的，油亮亮的，哪怕苍蝇蚊子从那里一飞也要 黏住的。&nbsp;\n		</p>\n		<p>\n			小燕子是很喜欢水的，有时误飞到这泥坑上来，用翅子点着水， 看起来很危险，差一点没有被泥坑陷害了它，差一点没有被黏住，赶 快头也不回地飞跑了。\n		</p>\n		<p>\n			若是一匹马，那就不然了，非黏住不可。而不仅仅是黏住，而且 是把它陷进去。马在那里边滚着，挣扎着，挣扎了一会，没有了力气 那马就躺下了。一躺下那就很危险，很有致命的可能。但是这种时候 不很多，很少有人牵着马或是拉着车子来冒这种险。&nbsp;\n		</p>\n		<p>\n			这大泥坑出乱子的时候，多半是在旱年，若两三个月不下雨这泥 坑子才到了真正危险的时候。在表面上看来，似乎是越下雨越坏，一 下了雨好像小河似的了，该多么危险，有一丈来深，人掉下去也要没 顶的。其实不然，呼兰河这城里的人没有这么傻，他们都晓得这个坑 是很厉害的，没有一个人敢有这样大的胆子牵着马从这泥坑上过。&nbsp;\n		</p>\n		<p>\n			可是若三个月不下雨，这泥坑子就一天一天地干下去，到后来也 不过是二三尺深，有些勇敢者就试探着冒险地赶着车从上边过去了。 还有些次勇敢者，看着别人过去，也就跟着过去了。一来二去的，这 坑子的两岸，就压成车轮经过的车辙了。那再后来者，一看，前边已 经有人走在先了，这懦怯者比之勇敢的人更勇敢，赶着车子走上去了。&nbsp;\n		</p>\n		<p>\n			谁知这泥坑子的底是高低不平的，人家过去了，可是他却翻了 车了。&nbsp;\n		</p>\n		<p>\n			车夫从泥坑爬出来，弄得和个小鬼似的，满脸泥污，而后再从泥 中往外挖掘他的马，不料那马已经倒在泥污之中了，这时候有些过路 的人，也就走上前来，帮忙施救。\n		</p>\n		<p>\n			这过路的人分成两种，一种是穿着长袍短褂的，非常清洁。看那 样子也伸不出手来，因为他的手也是很洁净的。不用说那就是绅士一 流的人物了，他们是站在一旁参观的。\n		</p>\n		<p>\n			看那马要站起来了，他们就喝彩，“噢！噢！”地喊叫着，看那马 又站不起来，又倒下去了，这时他们又是喝彩，“噢噢”地又叫了几声。 不过这喝的是倒彩。&nbsp;\n		</p>\n		<p>\n			就这样的马要站起来，而又站不起来地闹了一阵之后，仍然没有 站起来，仍是照原样可怜地躺在那里。这时候，那些看热闹的觉得也 不过如此，也没有什么新花样了。于是星散开去，各自回家去了。\n		</p>\n		<p>\n			现在再来说那马还是在那里躺着，那些帮忙救马的过路人，都是 些普通的老百姓，是这城里的担葱的、卖菜的、瓦匠、车夫之流。他 们卷卷裤脚，脱了鞋子，看看没有什么办法，走下泥坑去，想用几个 人的力量把那马抬起来。&nbsp;\n		</p>\n		<p>\n			结果抬不起来了，那马的呼吸不大多了。于是人们着了慌，赶快 解了马套。从车子把马解下来，以为这回那马毫无担负地就可以站起 来了。&nbsp;\n		</p>\n		<p>\n			不料那马还是站不起来。马的脑袋露在泥浆的外边，两个耳朵哆 嗦着，眼睛闭着，鼻子往外喷着秃秃的气。&nbsp;\n		</p>\n		<p>\n			看了这样可怜的景象，附近的人们跑回家去，取了绳索，拿了绞锥。 用绳子把马捆了起来，用绞锥从下边掘着。人们喊着号令，好像造房 子或是架桥梁似的，把马抬出来了。&nbsp;\n		</p>\n		<p>\n			马是没有死，躺在道旁。人们给马浇了一些水，还给马洗了一个脸。\n		</p>\n		<p>\n			看热闹的也有来的，也有去的。\n		</p>\n		<p>\n			第二天大家都说：\n		</p>\n		<p>\n			“那大水泡子又淹死了一匹马。”\n		</p>\n		<p>\n			虽然马没有死，一哄起来就说马死了。若不这样说，觉得那大泥 坑也太没有什么威严了。\n		</p>\n		<p>\n			<strong>精彩语录：</strong>\n		</p>\n		<p>\n			1、花园里边明晃晃的，红的红，绿的绿，新鲜漂亮。\n		</p>\n		<p>\n			2、雨滴就像千万个伞兵，从空中跳下来，安全地降落在地面上。\n		</p>\n		<p>\n			3、花开了，就像花睡醒了似的。鸟飞了，就像鸟儿上天了似的。虫子叫了，就像虫子在说话似的。一切都活了，要做什么，就做什么。要怎么样，就怎么样，都是自由的。\n		</p>\n		<p>\n			4、城外一条长长的大道，被榆树打成荫片。走在大道中，像是走进一个荡动遮天的大伞。\n		</p>\n		<p>\n			5、微风吹过，雨帘斜了，像一根根的细丝奔向草木、墙壁。\n		</p>\n	</div>\n</div>',NULL),(691235434264526848,'西游记','group1/M00/00/00/wKgAkl520D2AXHp-AAG86vmz7n8302.jpg','四大名著,西游记,吴承恩','<div id=\"content\" class=\"section\" style=\"margin:0px;padding:10px 0px 0px;border:0px;color:#666666;font-family:\" background-color:#ffffff;\"=\"\">\n<div class=\"title\" style=\"margin:0px;padding:0px;\">\n	<span style=\"background:url(\" font-size:14px;line-height:22px;font-family:\"color:#323232;\"=\"\">内容简介</span> \n</div>\n<div class=\"descrip\" style=\"margin:0px;padding:14px 20px;border:0px;color:#656565;font-size:14px;\">\n	<span id=\"content-all\"></span> \n	<p>\n		一般来说，孙悟空护送唐僧西天取经的故事，主要表现的是惩恶扬善的主题。当然小说告诉人们的，远远不止这些。《西游记》的主题，就像它的情节一样丰富。小说有对人类美好理想的憧憬，也有对社会黑暗现实的批判。小说不仅反映了明代社会各阶层人物生活状况及世态人情，而且还跨越时空的界限，从哲理的高度渲染了人们对真善美的追求，反映了人类为了改造自然与社会，敢于不屈不挠地进行斗争的理想。这种斗争也许是艰难曲折的，也许每前进一步都会遭遇巨大的阻力与对抗，但只要拥有战胜困难的信念，必将获取成功。\n	</p>\n	<p>\n		《西游记》是中国四大古典名著之一，也是优秀的章回体神话小说。它以神奇的笔墨，讲述了孙悟空护送唐僧西天取经的曲折经历，表现了惩恶扬善的古老主题。\n	</p>\n	<p>\n		《西游记》是我国文学史上*部浪漫主义长篇神魔小说，主要写孙悟空、猪八戒、沙僧三人保护唐僧西行取经的故事。师徒们行程十万八千里，历经九九八十一难，一路降妖除魔，*后终于到达西天，取得真经。作者以积极浪漫主义的创作手法，反映现实主义的思想感情，将善意的嘲笑、辛辣的讽刺和严肃的批判巧妙结合，开启了神魔长篇章回小说的新门类。书中运用奇特大胆的想象，描绘了一个色彩缤纷、神奇瑰丽的幻想世界，创造了一系列曲折纷呈、妙趣横生的神话故事，并在奇幻世界中折射出世态人情和世俗情怀，表现了鲜活的人间智慧，在奇幻中透出浓郁的生活气息。\n	</p>\n</div>\n	</div>\n<div id=\"authorIntroduction\" class=\"section\" style=\"margin:0px;padding:10px 0px 0px;border:0px;color:#666666;font-family:\" background-color:#ffffff;\"=\"\">\n	<div class=\"title\" style=\"margin:0px;padding:0px;\">\n		<span style=\"background:url(\" font-size:14px;line-height:22px;font-family:\"color:#323232;\"=\"\">作者简介</span> \n	</div>\n	<div class=\"descrip\" style=\"margin:0px;padding:14px 20px;border:0px;color:#656565;font-size:14px;\">\n		<span id=\"authorIntroduction-all\"></span> \n		<p>\n			吴承恩，中国明代杰出的小说家，字汝忠，号射阳山人。先世涟水人，后徙居山阳（今淮安）。吴承恩出生于一个由下级官吏沦落为小商人的家庭，吴承恩特别喜欢搜奇猎怪，爱看神仙鬼怪、狐妖猴精之类的书籍，如《百怪录》《酉阳杂俎》之类的小说野史。这类五光十色的神话世界，潜移默化中养成了他搜奇猎怪的嗜好。随着年龄的增大，这种爱好有增无减。这对他创作《西游记》有着重大的影响。另外，科场的失意、生活的困顿，使他加深了对封建科举制度、黑暗社会现实的认识，促使他运用志怪小说的形式来表达内心的不满和愤懑。\n		</p>\n	</div>\n</div>\n<div id=\"catalog\" class=\"section\" style=\"margin:0px;padding:10px 0px 0px;border:0px;color:#666666;font-family:\" background-color:#ffffff;\"=\"\">\n<div class=\"title\" style=\"margin:0px;padding:0px;\">\n	<span style=\"background:url(\" font-size:14px;line-height:22px;font-family:\"color:#323232;\"=\"\">目　　录</span> \n</div>\n<div class=\"descrip\" style=\"margin:0px;padding:14px 20px;border:0px;color:#656565;font-size:14px;\">\n	<span id=\"catalog-show\">目录<br />\n第一回灵根育孕源流出心性修持大道生<br />\n第二回悟彻菩提真妙理断魔归本合元神<br />\n第三回四海千山皆拱伏九幽十类尽除名<br />\n第四回官封弼马心何足名注齐天意未宁<br />\n第五回乱蟠桃大圣偷丹反天宫诸神捉怪<br />\n第六回观音赴会问原因小圣施威降大圣<br />\n第七回八卦炉中逃大圣五行山下定心猿<br />\n第八回我佛造经传极乐观音奉旨上长安<br />\n第九回袁守诚妙算无私曲老龙王拙计犯天条<br />\n第十回二将军宫门镇鬼唐太宗地府还魂<br />\n第十一回还受生唐王遵善果度孤魂萧瑀正空门<br />\n第十二回玄奘秉诚建大会观音显像化金蝉<br />\n第十三回陷虎穴金星解厄双叉岭伯钦留僧</span>\n</div>\n	</div>\n<div id=\"preface\" class=\"section\" style=\"margin:0px;padding:10px 0px 0px;border:0px;color:#666666;font-family:\" background-color:#ffffff;\"=\"\">\n	<div class=\"title\" style=\"margin:0px;padding:0px;\">\n		<span style=\"background:url(\" font-size:14px;line-height:22px;font-family:\"color:#323232;\"=\"\">前　　言</span> \n	</div>\n	<div class=\"descrip\" style=\"margin:0px;padding:14px 20px;border:0px;color:#656565;font-size:14px;\">\n		<span id=\"preface-show\">神话神魔经典《西游记》<br />\n马瑞芳<br />\n《三国演义》《水浒传》写人生实际存在和可能存在的事情，有作家人生经验可依恃，历史资料可借鉴。《西游记》却写镜花水月，可以借鉴前辈作家志怪小说经验、模式，更要靠作者奇思妙想、奇语妙句不断喷发。《西游记》作者明代作家吴承恩更加了不起。<br />\n一、孙悟空：《西游记》绝对主角<br />\n孙悟空的活动是小说的脊梁骨。《西游记》歌颂反抗精神与坚韧斗志的主题和积极浪漫主义精神，主要体现在孙悟空一系列战斗行动中。取经僧都围绕孙悟空活动。《西游记》简直可以叫《孙悟空传》。英文版《西游记》就翻译为《猴》。孙悟空堪称古代小说“第一神魔”，他其实是从魔转化为神。在读者印象中，他永远是可爱的美猴王。</span> \n	</div>\n</div>',NULL),(691236177956569088,'西游记 (新课标 青少版)','group1/M00/00/00/wKgAkl520SGAHiqfAADXRueJLnI170.jpg','四大名著,西游记,吴承恩','<div id=\"abstract\" class=\"section\" style=\"margin:0px;padding:10px 0px 0px;border:0px;color:#666666;font-family:&quot;background-color:#FFFFFF;\">\n	<div class=\"title\" style=\"margin:0px;padding:0px;\">\n		<span style=\"background:url(&quot;font-size:14px;line-height:22px;font-family:&quot;color:#323232;\">编辑推荐</span>\n	</div>\n	<div class=\"descrip\" style=\"margin:0px;padding:14px 20px;border:0px;color:#656565;font-size:14px;\">\n		<span id=\"abstract-all\"></span><a href=\"http://book.dangdang.com/20180412_0tkj\" target=\"_blank\"><img src=\"http://img51.ddimg.cn/9001320062000351.jpg\" style=\"width:800px;height:83.3333px;\" /></a>1、【经典文学，青少年必读】<br />\n《西游记》不仅是中国文学中的一部杰作，在世界范围内也被翻译成英、法、德、意、俄等多种不同国家的文字，是世界文学中当之无愧的瑰宝。<br />\n2、【教育部推荐，新课标书目】<br />\n教育部将《西游记》列入语文课程标准课外推荐读物，以培养中小学生基本语文素养。<br />\n3、【原著改编，无障碍阅读】<br />\n原著结构庞大繁杂，对中小学学生有一定阅读难度。本书在忠实原著的基础上，进行了权威缩写改编，可以达到阅读无障碍，轻松掌握原著脉络，协助学生快速理解，并激发学生阅读原著的激情。<br />\n		<div style=\"margin:0px;padding:0px;border:0px;\">\n		</div>\n&nbsp;\n	</div>\n</div>\n<div id=\"content\" class=\"section\" style=\"margin:0px;padding:10px 0px 0px;border:0px;color:#666666;font-family:&quot;background-color:#FFFFFF;\">\n	<div class=\"title\" style=\"margin:0px;padding:0px;\">\n		<span style=\"background:url(&quot;font-size:14px;line-height:22px;font-family:&quot;color:#323232;\">内容简介</span>\n	</div>\n	<div class=\"descrip\" style=\"margin:0px;padding:14px 20px;border:0px;color:#656565;font-size:14px;\">\n		<span id=\"content-all\"></span>《西游记》是“一部具有丰富内容和光辉思想的神话小说”，它是明代小说家吴承恩以积极浪漫主义手法创作的中国古代*部浪漫主义长篇神魔小说。全文讲述了孙悟空、猪八戒、沙僧以及白龙马保护唐僧西行取经，师徒五人沿途历经各种艰险，一路斩妖除魔，斗智斗勇，化险为夷，*终到达西天、取得真经的故事。作品中塑造了众多栩栩如生的形象，将神魔世界的善恶情仇和现实社会巧妙结合，歌颂了师徒几人不畏艰险、英勇无畏的精神，充分表现了作者现实主义的情怀，以及宣扬正义、惩处邪恶的思想主题。\n	</div>\n</div>\n<div id=\"authorIntroduction\" class=\"section\" style=\"margin:0px;padding:10px 0px 0px;border:0px;color:#666666;font-family:&quot;background-color:#FFFFFF;\">\n	<div class=\"title\" style=\"margin:0px;padding:0px;\">\n		<span style=\"background:url(&quot;font-size:14px;line-height:22px;font-family:&quot;color:#323232;\">作者简介</span>\n	</div>\n	<div class=\"descrip\" style=\"margin:0px;padding:14px 20px;border:0px;color:#656565;font-size:14px;\">\n		<span id=\"authorIntroduction-all\"></span>\n		<p>\n			[明<span>]</span>吴承恩\n		</p>\n		<p>\n			<span style=\"line-height:1.5;\">中国明代杰出的小说家，字汝忠，号射阳山人。淮安府山阳县（今江苏淮安）人。自幼聪明过人，勤奋好学，嗜爱野史和志怪文章。他精于绘画和围棋，擅长书法，爱好填词度曲。但科考不利，直到中年才补得“岁贡生”，后流寓南京，长期靠卖文补贴家用。晚年出任长兴县丞，由于看不惯官场的黑暗，愤而辞官，贫老以终。</span>\n		</p>\n	</div>\n</div>\n<div id=\"catalog\" class=\"section\" style=\"margin:0px;padding:10px 0px 0px;border:0px;color:#666666;font-family:&quot;background-color:#FFFFFF;\">\n	<div class=\"title\" style=\"margin:0px;padding:0px;\">\n		<span style=\"background:url(&quot;font-size:14px;line-height:22px;font-family:&quot;color:#323232;\">目　　录</span>\n	</div>\n	<div class=\"descrip\" style=\"margin:0px;padding:14px 20px;border:0px;color:#656565;font-size:14px;\">\n		<span id=\"catalog-show-all\">\n		<p>\n			第<span>&nbsp;</span>一<span>&nbsp;</span>回<span>&nbsp;</span>美猴王横空出世<span></span>\n		</p>\n		<p>\n			第<span></span>二<span></span>回<span>&nbsp;</span>拜师菩提老祖<span></span>\n		</p>\n		<p>\n			第<span></span>三<span></span>回<span>&nbsp;</span>喜得如意金箍棒<span></span>\n		</p>\n		<p>\n			第<span></span>四<span></span>回<span>&nbsp;</span>悟空大闹森罗殿<span></span>\n		</p>\n		<p>\n			第<span></span>五<span></span>回<span>&nbsp;</span>天宫里当个弼马温<span></span>\n		</p>\n		<p>\n			第<span></span>六<span></span>回<span>&nbsp;</span>自封齐天大圣<span></span>\n		</p>\n		<p>\n			第<span></span>七<span></span>回<span>&nbsp;</span>搅乱蟠桃会<span></span>\n		</p>\n		<p>\n			第<span></span>八<span></span>回<span>&nbsp;</span>十万天兵捉大圣<span></span>\n		</p>\n		<p>\n			第<span></span>九<span></span>回<span>&nbsp;</span>二郎神变戏法<span></span>\n		</p>\n		<p>\n			第<span></span>十<span></span>回<span>&nbsp;</span>大闹天宫<span></span>\n		</p>\n		<p>\n			第 十一 回<span>&nbsp;</span>唐僧踏上取经路<span></span>\n		</p>\n		<p>\n			第 十二 回<span>&nbsp;</span>悟空逃出五行山<span></span>\n		</p>\n		<p>\n			第 十三 回<span>&nbsp;</span>摘不下来的金箍儿<span></span>\n		</p>\n		<p>\n			第 十四 回<span>&nbsp;</span>小白龙变白马<span></span>\n		</p>\n		<p>\n			第 十五 回<span>&nbsp;</span>宝袈裟被偷<span></span>\n		</p>\n		<p>\n			第 十六 回<span>&nbsp;</span>孙悟空大闹黑风山<span></span>\n		</p>\n		<p>\n			第 十七 回<span>&nbsp;</span>高老庄收猪八戒<span></span>\n		</p>\n		<p>\n			第 十八 回<span>&nbsp;</span>黄风岭唐僧受难<span></span>\n		</p>\n		<p>\n			第 十九 回<span>&nbsp;</span>流沙河冒出个沙和尚<span></span>\n		</p>\n		<p>\n			第 二十 回<span>&nbsp;</span>猪八戒娶媳妇<span></span>\n		</p>\n		<p>\n			第二十一回<span>&nbsp;</span>五庄观偷吃人参果<span></span>\n		</p>\n		<p>\n			第二十二回<span>&nbsp;</span>三打白骨精<span></span>\n		</p>\n		<p>\n			第二十三回<span>&nbsp;</span>唐僧变老虎<span></span>\n		</p>\n		<p>\n			第二十四回<span>&nbsp;</span>大圣归来<span></span>\n		</p>\n		<p>\n			第二十五回<span>&nbsp;</span>平顶山收服金银角<span></span>\n		</p>\n		<p>\n			第二十六回<span>&nbsp;</span>乌鸡国的青狮兽<span></span>\n		</p>\n		<p>\n			第二十七回<span>&nbsp;</span>收服红孩儿<span></span>\n		</p>\n		<p>\n			第二十八回<span>&nbsp;</span>龙太子霸占黑水河<span></span>\n		</p>\n		<p>\n			第二十九回<span>&nbsp;</span>车迟国斗三妖<span></span>\n		</p>\n		<p>\n			第 三十 回<span>&nbsp;</span>大战金鱼精<span></span>\n		</p>\n		<p>\n			第三十一回<span>&nbsp;</span>法力无穷的金刚圈<span></span>\n		</p>\n		<p>\n			第三十二回<span>&nbsp;</span>女儿国唐僧遇险<span></span>\n		</p>\n		<p>\n			第三十三回<span>&nbsp;</span>真假美猴王<span></span>\n		</p>\n		<p>\n			第三十四回<span>&nbsp;</span>三借芭蕉扇<span></span>\n		</p>\n		<p>\n			第三十五回<span>&nbsp;</span>黄眉怪吃西瓜<span></span>\n		</p>\n		<p>\n			第三十六回<span>&nbsp;</span>孙悟空偷铃铛<span></span>\n		</p>\n		<p>\n			第三十七回<span>&nbsp;</span>七只蜘蛛精<span></span>\n		</p>\n		<p>\n			第三十八回<span>&nbsp;</span>狮驼洞三魔头<span></span>\n		</p>\n		<p>\n			第三十九回<span>&nbsp;</span>比丘国除怪救婴儿<span></span>\n		</p>\n		<p>\n			第 四十 回<span>&nbsp;</span>无底洞里的老鼠精<span></span>\n		</p>\n		<p>\n			第四十一回<span>&nbsp;</span>灭法国乱杀和尚<span></span>\n		</p>\n		<p>\n			第四十二回<span>&nbsp;</span>狡猾的豹子精<span></span>\n		</p>\n		<p>\n			第四十三回<span>&nbsp;</span>凤仙郡悟空求雨<span></span>\n		</p>\n		<p>\n			第四十四回<span>&nbsp;</span>九头狮子怪<span></span>\n		</p>\n		<p>\n			第四十五回<span>&nbsp;</span>悟空恶斗犀牛精<span></span>\n		</p>\n		<p>\n			第四十六回<span>&nbsp;</span>玉兔精下凡报私仇<span></span>\n		</p>\n		<p>\n			第四十七回<span>&nbsp;</span>寇员外起死回生<span></span>\n		</p>\n		<p>\n			第四十八回<span>&nbsp;</span>雷音寺取得真经\n		</p>\n</span>\n	</div>\n</div>\n<div id=\"mediaFeedback\" class=\"section\" style=\"margin:0px;padding:10px 0px 0px;border:0px;color:#666666;font-family:&quot;background-color:#FFFFFF;\">\n	<div class=\"title\" style=\"margin:0px;padding:0px;\">\n		<span style=\"background:url(&quot;font-size:14px;line-height:22px;font-family:&quot;color:#323232;\">媒体评论</span>\n	</div>\n	<div class=\"descrip\" style=\"margin:0px;padding:14px 20px;border:0px;color:#656565;font-size:14px;\">\n		<span id=\"mediaFeedback-all\"></span>\n		<p>\n			作者禀性，“复善谐剧”，故虽述变幻恍惚之事，亦每杂解颐之言，使神魔皆有人情，精魅亦通世故。<span>&nbsp;</span>\n		</p>\n		<p>\n			――鲁迅\n		</p>\n		<p>\n			<span> </span><span style=\"line-height:1.5;\">《西游记》之所以能成为世界的一部绝大的神话小说，正因为《西游记》里种种神话都带着一点诙谐意味，能使人开口一笑，这一笑就把那神话“人化”过了，这种诙谐的里面含有一种尖刻的玩世主义。《西游记》的文学价值正在这里。</span>\n		</p>\n		<p>\n			<span>&nbsp;</span>\n		</p>\n		<p>\n			<b> </b> ――胡适\n		</p>\n		<p>\n			<span>&nbsp;</span>\n		</p>\n	</div>\n</div>\n<div id=\"extract\" class=\"section\" style=\"margin:0px;padding:10px 0px 0px;border:0px;color:#666666;font-family:&quot;background-color:#FFFFFF;\">\n	<div class=\"title\" style=\"margin:0px;padding:0px;\">\n		<span style=\"background:url(&quot;font-size:14px;line-height:22px;font-family:&quot;color:#323232;\">免费在线读</span>\n	</div>\n	<div class=\"descrip\" style=\"margin:0px;padding:14px 20px;border:0px;color:#656565;font-size:14px;\">\n		<span id=\"extract-show-all\"><strong>第一回 &nbsp; 美猴王横空出世</strong><br />\n盘古 开天辟地之后，世界被分成了四大部洲，分别叫作东胜神洲、西牛贺洲、南赡部洲和北俱芦洲。东胜神洲有个傲来国，在傲来国的海上，有一座花果山。花果山是山脉之祖，巍峨地耸立在大海上，怪石密布，气势夺人。山上遍布奇花异草，绿意盎然，四季常青，是一个不可多得的宝地。<br />\n在花果山的山顶，矗立着一块高三丈六尺五寸、周长二丈四尺的仙石，上面有九窍八孔，周围没有高大的树木，只有一些灵芝和兰花生在石头下面。自从盘古开天辟地以来，这块石头就立在山顶，饱经风吹日晒，时间一长，渐渐有了灵性。一天，石头突然裂开，从里面蹦出一个圆球状的石卵。石卵从山上滚下来，遇风后变成了一只石猴。虽然是石猴，却五官俱全，四肢齐备，不一会儿就学会了行走，身手矫健。而且，他的眼睛还发出耀眼金光，直冲云霄。<br />\n金光一直射到了天庭里，玉皇大帝坐在灵霄宝殿，不知发生了什么事，于是命令千里眼和顺风耳赶到南天门 ，观察人间的情况。<br />\n千里眼、顺风耳奉旨查看完毕，返回灵霄宝殿，对玉皇大帝说：“禀告玉帝，这金光是东胜神洲傲来国花果山上一只石猴发出来的。陛下放心，只要它喝了人间的水，吃了人间的食物，就不会再发出金光了。”听完两人的话，玉帝说：“这石猴是汲取了天地的精华降生的，不足为奇，不用管它。”<br />\n石猴出世后，很快学会了行走、跳跃。他终日生活在花果山里，饿了就摘山里的果子吃，渴了就喝山里的泉水，与狼为伴，与虎豹结群，与鹿为友，与猴为亲，晚上睡在石崖下面，白天就在山中玩耍，游览山峰，探察洞穴，无忧无虑地生活了许多年。<br />\n一天，天气酷热难当，石猴和一群猴子们一起躲在松荫下面嬉戏避暑，只见有的猴子在树间跳来跳去，攀爬嬉闹，采花觅果；有的玩弄石子和沙子，刨沙坑，堆沙雕；有的追蜻蜓，扑蚂蚱，扯藤条编帽子；还有的坐在那里捉虱子、捋毛发，一派热闹景象。玩了一会儿，几只猴子提议去山涧里洗澡。于是，一群猴子前呼后拥，有说有笑地来到了一个山泉旁。 &nbsp;<br />\n猴子们洗完澡，见泉水不断地从山顶上冒出来，十分好奇，纷纷说：“这些泉水也不知道是从哪儿冒出来的，我们现在反正也没事，不如就顺着泉水找上去，看看这泉水的源头究竟在哪里。”于是，猴子们结伴而行，连跑带爬，一起去山上寻找水源。最后，他们来到了一道瀑布前。只见瀑布飞流而下，水花四溅，声如雷震，白色的水花挂在眼前，就像一层珠帘。猴子们张望了一番，兴奋地拍着手说：“这水真好！原来这瀑布的水直达山脚，汇入大海了。”这时，一只猴子站出来说：“瀑布是找到了，但不知这水究竟是从哪儿冒出来的，谁要是有本事钻到这里面，找到水的源头，并且不伤身子，安全地走出来，我们就拜他为王。”话音刚落，石猴从猴群里跳出来说：“我去里面瞧瞧！”<br />\n石猴纵身一跃穿过水帘，钻进瀑布，才发现瀑布后面并没有水，却有一座宽敞的铁板桥。石猴爬上桥，东瞧瞧西看看，在桥中间看到一个石碑，上面写着一行字：花果山福地，水帘洞洞天。再往里走，石猴发现桥对面有个山洞，进去一看，里面既宽敞又凉爽，而且竟然还有用石头做的桌子、凳子、床、锅、灶、盆、碗，角落里生长着竹子、梅花，香气扑鼻。<br />\n看到洞中的景色，石猴非常高兴，觉得这实在是个好地方，于是急忙跳出水帘洞，对猴子们说：“太好了！太好了！”猴子们把石猴团团围住，问瀑布后面有什么东西，水深不深。石猴回答：“里面没水，是一座铁桥，桥后面是个山洞，里面什么东西都有。”众猴不解，好奇地问里面究竟有什么，石猴说：“这道瀑布就像一扇门，把里面的景色挡住了。铁桥上有块石碑，写着‘花果山福地，水帘洞洞天’。铁桥后面有花有树，是一个石洞，石洞里有石床、石凳、石碗、石盆、石锅、石灶，宽敞阴凉。我看里面住上千百个弟兄都不挤，大家都搬进去住吧，省得在外面风吹日晒！”<br />\n猴子们听了石猴的话，高兴得合不拢嘴，立即说：“那你现在就带我们进去吧！”于是，石猴大喊一声：“都跟我来！”说完便钻进了水帘里。剩下的猴子，胆大的也跟着跳了进去，胆小的抓耳挠腮，磨磨蹭蹭地也跟了进去。穿过水帘，猴子们发现后面果然别有洞天，于是便争抢着抬石凳、搬石床，忙得不可开交，生怕自己看到的好东西被别人抢走了。石猴见状，随即说：“各位啊，刚才在洞外面大家说得好好的，只要有一个人进到洞里并毫发无损地钻出去，就拜他为王。现在我进来又出去，将你们带到了这样一个阴凉舒适的住处，你们怎么还不拜我为大王呢？”<br />\n听完石猴的话，众猴纷纷跪在石猴跟前，拜他为“千岁大王”。石猴喜不自禁，顺势坐上石洞中间的石座，真的成了这群猴子的大王。从此，石猴将“石”字隐去，并自称美猴王。<br />\n之后的日子里，美猴王就带着一群猿猴、猕猴、马猴等猴子住在水帘洞里，白天出去采摘野果、游玩嬉戏，晚上便在洞里休息。他们如此往复多年，日子过得逍遥自在，不是神仙，胜似神仙。<br />\n<strong>第二回 拜师菩提老祖</strong><br />\n不知不觉间，美猴王已经和徒儿们在水帘洞里居住了好几百年。一天，在和猴子们嬉戏的时候，美猴王突然忧上心头，不觉间竟然流下泪来。见到他这副模样，众猴慌张地问道：“大王怎么这么伤心？”<br />\n美猴王说：“我现在虽然欢喜至极，对未来却充满担忧啊。”众猴不解，便问他：“这有什么好担心的？我们现在身处福地，无拘无束，食物取之不竭，不是很幸福吗？”<br />\n美猴王接着说：“我们虽然不受人管，但将来年老力衰，终有一天会被冥王勾去性命。那时候，我们虽然不枉在人世走一趟，但终究无法继续享福了。”听到这里，众猴悲从中来，全都哭了起来。<br />\n这时，从猴群里跳出一只通背猿猴说：“大王深谋远虑，真是有心啊。现在天地之间，不受冥王管辖的，有神、佛、仙三道，他们能躲过生死轮回，可以和天地山川同寿。”<br />\n听了这话，美猴王高兴地说：“好，那我明天就出发，一定要找到这三种人中的一个，学个长生不老之道，省得冥王索我性命。”众猴听了，准备了丰盛的瓜果，给猴王送行。<br />\n第二天，猴王吃过瓜果，喝下猴子们送行的酒，便坐上枯松编成的木筏，顺着大海，朝南赡部洲方向划去。在海上漂泊多日后，猴王终于登上了岸，并见到一群在海边捕鱼的人。他走到那群人跟前，做了个鬼脸，吓得那群渔夫四散而逃。猴王趁机抓住一个人，扒了他的衣裳，穿在自己身上，然后朝着附近的集市走去。<br />\n在集市上，猴王努力地模仿人类的举止，同时寻访仙人。但在南赡部洲待了八九年的时间，猴王始终没有见到仙人的影子。于是，猴王再次出海，来到了西牛贺洲地界。<br />\n在这里，猴王发现了一座秀丽宁谧的高山，正凝视间，突然听到山里传来一阵歌声。猴王喜出望外，循着歌声找去，找到了一个樵夫 。<br />\n猴王来到樵夫跟前，大声说：“老神仙，弟子有礼了！”随即向樵夫行礼。樵夫见状，慌忙说：“罪过罪过，我一介贫夫，怎么敢称神仙呢？”猴王继续问：“您不是神仙，怎么会唱一些‘非仙即道’的歌呢？”樵夫于是说：“实不相瞒，我唱的这些都是一位神仙教给我的。神仙见我终日劳苦，烦心事很多，就把这些歌谣教给我，让我在烦躁的时候唱给自己听，找回心里的平静和安宁，没想到被你听见了。”<br />\n猴王于是急切地问樵夫：“希望您能够告诉我神仙的住处，我想去拜访他。”樵夫说：“他住得离这儿并不远。这附近有一座山叫灵台方寸山，上面有一座斜月三星洞，里面有一个叫菩提祖师的神仙，就是你要找的人。你顺着这条路往南走个七八里地，就到了。”<br />\n猴王告别樵夫，按照他说的路走出去七八里，果然来到了一座洞府跟前。只见这座洞府映照在霞光里，两旁长满松柏，寂静无人，偶尔有鹤鸣从里面传出。猴王来到门前，见竖着一块巨大的石碑，上面写着十个大字：灵台方寸山，斜月三星洞。猴王料到这不是一个普通的地方，不敢去叫门，而是跳到门旁的一棵松树上，摘下一些松子来吃。<br />\n过了一会儿，一个相貌清秀的童子打开府门走出来，对着空无一人的石阶喊了一声：“是什么人在门外胡闹？”<br />\n猴王见状，从树上跳下来说：“我是个学仙的弟子，特来拜师学艺。”童子说：“师父叫我来开门，说外面来了一个求师的，想必就是你吧，请跟我来。”猴王便跟着童子来到了洞府里面。<br />\n见到菩提老祖，美猴王跪在他跟前说：“师父，弟子有礼了！”菩提老祖说：“先别急着拜师，把你的来历告诉我再拜师也不迟。”于是，猴王便将自己的来历告诉了菩提老祖。菩提老祖又问他有没有父母和姓名，猴王说没有。菩提老祖想了想，赐给他“孙悟空”一名。猴王非常喜欢这个名字，高兴地说：“好好好，以后我就叫孙悟空了！”<br />\n拜师后，孙悟空每天和弟子们待在一起，打扫庭院，养花修树，挑水捡柴，学经论道，不知不觉过去了七年时间。<br />\n一天，菩提老祖对孙悟空说：“‘道’字门中有三百六十旁门，只要悉心学习都可以学成正果，不知道你想学哪一门呢？”悟空回答说：“我全都听从师父的。”于是，菩提老祖说：“那我就教你‘术’字门下的一些道理吧，学会了它们，你就可以占卜 吉凶，预测未来。”孙悟空想了想说：“学了这些能够长生不老吗？”菩提老祖说：“不能。”孙悟空便说：“不学不学。”<br />\n菩提老祖又说：“那我就教你‘流’字门中的一些道理吧，学了这些，你便可以专心念佛学经，悟懂世上道理。”孙悟空又问：“那学了这些可以长生不老吗？”菩提老祖说：“不能。”于是孙悟空又说：“这样也不能长久，不学不学。”<br />\n如此反复几次，菩提老祖生气地用戒尺在孙悟空的头上打了三下，说：“你这也不学，那也不学，到底想学什么？”随后菩提老祖将双手背在身后，关上中门，拂袖而去。<br />\n众弟子见孙悟空惹怒师父，都来责骂他。孙悟空却窃喜，因为他读懂了菩提老祖的心意：菩提老祖在他头上敲三下，实际上是让他三更 时留心；而倒背着手走入中门，是提醒孙悟空从后门进入，以便他到时候秘密地传授孙悟空长生不老的道理。<br />\n当晚子时左右，孙悟空悄悄穿好衣服，来到菩提老祖住处的后门，发现门是虚掩的，随即窃喜道：“这一定是师父故意给我留的。”<br />\n孙悟空从后门进去，来到师父的床前，见师父正在睡觉，便安静地跪在床前，等师父醒来。不一会儿，菩提老祖开始喃喃自语，孙悟空见师父醒了，于是说：“师父，弟子在这里等候很长时间了。”菩提老祖说：“你这个猕猴，半夜三更不睡觉，跑到这里来干什么？”孙悟空将师父白天给自己的暗示说了一遍。菩提老祖见孙悟空识破他的暗语，觉得悟空确实很有悟性，便将长生不老的秘诀传授给了他。孙悟空磕头致谢，并将秘诀熟记在心里。<br />\n不知不觉间，三年又过去了。一次，菩提老祖找到孙悟空，提醒他注意躲避雷灾、火灾、风灾三灾。孙悟空向师父求教避灾的方法，但菩提老祖觉得悟空长得尖嘴猴腮，不像个普通人，而各种灾害都是针对普通人的，因此不用学习避灾的方法。孙悟空不甘心，非要菩提老祖传给他更多的本领，菩提老祖无奈，将七十二变的本领教给了他。<br />\n一天晚上，菩提老祖在三星洞前和弟子说话。他问一旁的孙悟空：“悟空，你的腾空本领学得怎么样了？”悟空说：“在师父的教导下，已经能飞起来了。”说完，悟空飞身一跃，翻了个跟头，勉强跳了五六丈高，来回飞了三四里。看完悟空的演示，菩提老祖笑着说：“你这还不能说是腾云驾雾，顶多算得上爬云彩。”<br />\n孙悟空便向师父求教日行万里的秘诀。菩提老祖说：“看你有心学习，我就传你一招筋斗云吧。学会了这个功夫，一个筋斗可以飞十万八千里路。”听完师父的话，孙悟空可高兴坏了，立即向师父讨来了筋斗云的秘诀，用了一晚上的时间学会了筋斗云。<br />\n这样又过去了几年。一天，徒弟们见孙悟空一身本领，就让他变成一棵松树给大家看。于是，悟空念了一句咒语，真的变成了一棵松树。众人见到这番情景，全都鼓起掌来。掌声惊动了庭院，菩提老祖闻声赶过来，询问这是怎么一回事儿。徒弟们见师父一脸严肃，就将孙悟空变戏法儿的事情告诉了他。<br />\n菩提老祖对孙悟空说：“悟空，你怎么能在众人前卖弄本领呢？别人如果想要跟你学，你该怎么办？如果怕他，你只能将本领传授给他，但不传给别人，恐怕又会因此招惹别人，你这不是自己找麻烦吗？我就不责怪你了，你走吧。”<br />\n孙悟空惊慌失措地问道：“师父，你让我去哪里呢？”菩提老祖说：“你从哪里来的，就回哪里去吧。”孙悟空这才想起花果山来，但他继续说：“我在这里待了二十多年了，师父对我恩重如山，我怎么能就这么离开呢？”菩提老祖于是说：“我对你有什么恩情？你走吧，只要别在外面惹祸就好。还有，千万不要告诉别人我是你师父，否则不要怪我无情！”<br />\n孙悟空只好点头，答应了师父，洒泪离开灵台方寸山，踏着筋斗云，不到一个时辰就赶回了花果山水帘洞。</span>\n	</div>\n</div>',NULL),(691236930439872512,'红楼梦 (新课标 青少版)','group1/M00/00/00/wKgAkl520YKANPV5AABovBk2K9g118.jpg','四大名著,红楼梦,曹雪芹','<div id=\"abstract\" class=\"section\" style=\"margin:0px;padding:10px 0px 0px;border:0px;\">\n	<div class=\"title\" style=\"margin:0px;padding:0px;\">\n		编辑推荐\n	</div>\n	<div class=\"descrip\" style=\"margin:0px;padding:14px 20px;border:0px;color:#656565;font-size:14px;\">\n		<a target=\"_blank\" href=\"http://book.dangdang.com/20180412_0tkj\"><img src=\"http://img51.ddimg.cn/9001320062000351.jpg\" style=\"width:800px;height:83.3333px;\" /></a>★中国古典小说的佳作，影响了整个华人世界的经典！<br />\n★经典中的经典，人一生必读的“四大名著”之一。<br />\n★《红楼梦》，是一部具有高度思想性和高度艺术性的伟大作品，是十八世纪中国*伟大的文学巨著，不仅是中国文学之林的珍奇瑰宝，而且也是世界文学海洋中的一颗璀璨明珠。红学研究集大成者周汝昌如是说：《红楼梦》是我们中华民族的一部古往今来、****的“文化小说”。<br />\n		<p>\n			★ 古典文学名著系列，唯美设计，精致印刷。\n		</p>\n		<p>\n			&nbsp;\n		</p>\n		<p>\n			<a target=\"_blank\" href=\"http://book.dangdang.com/20160317_1xgm\"><img src=\"http://img51.ddimg.cn/99999990000104131.gif\" style=\"width:800px;height:200px;\" /></a>\n		</p>\n&nbsp;\n	</div>\n</div>\n<div id=\"content\" class=\"section\" style=\"margin:0px;padding:10px 0px 0px;border:0px;\">\n	<div class=\"title\" style=\"margin:0px;padding:0px;\">\n		内容简介\n	</div>\n	<div class=\"descrip\" style=\"margin:0px;padding:14px 20px;border:0px;color:#656565;font-size:14px;\">\n		《红楼梦》，是一部具有高度思想性和高度艺术性的伟大作品，在全世界都影响颇深。<br />\n它以其宏大精致的小说结构，博大精深的文化内涵，以及出色的语言艺术，被公认为中国古典小说的*之作，中国封建社会的百科全书，传统文化的集大成者。它描写了一个由盛而衰的贵族大家庭中的爱情婚姻悲剧，并以此为中心，展开了一幅广阔而生动的社会历史生活画面，塑造出贾宝玉、林黛玉等众多光彩夺目、令人难以忘怀的人物形象。通过家族悲剧、女儿悲剧及主人公的人生悲剧，揭示出封建末世的危机。<br />\n从19世纪至今，《红楼梦》已被译成多种文字在全世界流传。<br />\n	</div>\n</div>\n<div id=\"authorIntroduction\" class=\"section\" style=\"margin:0px;padding:10px 0px 0px;border:0px;\">\n	<div class=\"title\" style=\"margin:0px;padding:0px;\">\n		作者简介\n	</div>\n	<div class=\"descrip\" style=\"margin:0px;padding:14px 20px;border:0px;color:#656565;font-size:14px;\">\n		曹雪芹<br />\n中国文学史上伟大的文学家。出身于清代贵族世家，早年经历过奢华的生活，后由于家道衰落，随家迁居北京。晚年生活艰困，贫病而卒。自幼博览群书，具有深厚的文化修养和卓越的艺术才能。他花十年时间，创作出内容丰富、艺术精湛的中国古典小说巨作——《红楼梦》。<br />\n		<div style=\"margin:0px;padding:0px;border:0px;\">\n		</div>\n	</div>\n</div>\n<div id=\"catalog\" class=\"section\" style=\"margin:0px;padding:10px 0px 0px;border:0px;\">\n	<div class=\"title\" style=\"margin:0px;padding:0px;\">\n		目　　录\n	</div>\n	<div class=\"descrip\" style=\"margin:0px;padding:14px 20px;border:0px;color:#656565;font-size:14px;\">\n		<p style=\"text-align:justify;\">\n			&nbsp;\n		</p>\n		<p>\n			第一回 林黛玉初见贾宝玉\n		</p>\n		<p>\n			第二回 葫芦僧乱判葫芦案\n		</p>\n		<p>\n			第三回 贾宝玉神游太虚境\n		</p>\n		<p>\n			第四回 刘姥姥一进荣国府\n		</p>\n		<p>\n			第五回 通灵玉巧遇黄金锁\n		</p>\n		<p>\n			第六回 王熙凤毒设相思局\n		</p>\n		<p>\n			第七回 可卿病逝 凤姐治丧\n		</p>\n		<p>\n			第八回 贾政试才 宝玉题对\n		</p>\n		<p>\n			第九回 元春省亲 袭人进言\n		</p>\n		<p>\n			第十回 黛玉发怒 宝玉入园\n		</p>\n		<p>\n			第十一回 惹小人叔嫂遭难\n		</p>\n		<p>\n			第十二回 生误会黛玉葬花\n		</p>\n		<p>\n			第十三回 晴雯撕扇&nbsp; 金钏投井\n		</p>\n		<p>\n			第十四回 贾政发怒&nbsp; 宝玉受刑\n		</p>\n		<p>\n			第十五回 袭人获奖&nbsp; 薛蟠被误\n		</p>\n		<p>\n			第十六回 史湘云做东海棠社\n		</p>\n		<p>\n			第十七回 刘姥姥醉游大观园\n		</p>\n		<p>\n			第十八回&nbsp; 宝玉焚香&nbsp; 凤姐庆寿\n		</p>\n		<p>\n			第十九回 宝钗黛玉解心结\n		</p>\n		<p>\n			第二十回 贾赦求偶　鸳鸯立誓\n		</p>\n		<p>\n			第二十一回 香菱苦吟学作诗\n		</p>\n		<p>\n			第二十二回 晴雯带病补雀衣\n		</p>\n		<p>\n			第二十三回 贾府元宵开夜宴\n		</p>\n		<p>\n			第二十四回 凤姐抱病　探春治家\n		</p>\n		<p>\n			第二十五回 紫鹃试意　宝玉病卧\n		</p>\n		<p>\n			第二十六回 玫瑰案平儿行权\n		</p>\n		<p>\n			第二十七回 怡红院宝玉庆寿\n		</p>\n		<p>\n			第二十八回 贾琏偷娶尤二姐\n		</p>\n		<p>\n			第二十九回 三姐思嫁柳湘莲\n		</p>\n		<p>\n			第三十回 三姐殉情　湘莲出家\n		</p>\n		<p>\n			第三十一回 凤姐撒泼　尤氏赔情\n		</p>\n		<p>\n			第三十二回 尤二姐吞金自尽\n		</p>\n		<p>\n			第三十三回 林黛玉重建诗社\n		</p>\n		<p>\n			第三十四回 王夫人抄检大观园\n		</p>\n		<p>\n			第三十五回 贾宝玉含泪探晴雯\n		</p>\n		<p>\n			第三十六回 晴雯殒命 宝玉祭拜\n		</p>\n		<p>\n			第三十七回 薛蟠悔娶　迎春误嫁\n		</p>\n		<p>\n			第三十八回 黛玉惊梦　湘云探病\n		</p>\n		<p>\n			第三十九回 贾母议婚　贾环结怨\n		</p>\n		<p>\n			第四十回 听谣言黛玉求死\n		</p>\n		<p>\n			第四十一回 惹官司薛蟠入狱\n		</p>\n		<p>\n			第四十二回 海棠花开知祸事\n		</p>\n		<p>\n			第四十三回 通灵玉失病痴儿\n		</p>\n		<p>\n			第四十四回 黛玉焚稿断痴情\n		</p>\n		<p>\n			第四十五回 宝玉误娶薛宝钗\n		</p>\n		<p>\n			第四十六回 宝玉成亲　黛玉离世\n		</p>\n		<p>\n			第四十七回 探春远嫁　金桂自毙\n		</p>\n		<p>\n			第四十八回 贾赦遭捕　宁府被抄\n		</p>\n		<p>\n			第四十九回 贾母升天　鸳鸯殉主\n		</p>\n		<p>\n			第五十回 知天命凤姐病故\n		</p>\n		<p>\n			第五十一回 中举人宝玉出家\n		</p>\n	</div>\n</div>\n<div id=\"preface\" class=\"section\" style=\"margin:0px;padding:10px 0px 0px;border:0px;\">\n	<div class=\"title\" style=\"margin:0px;padding:0px;\">\n		前　　言\n	</div>\n	<div class=\"descrip\" style=\"margin:0px;padding:14px 20px;border:0px;color:#656565;font-size:14px;\">\n	</div>\n</div>\n<div id=\"mediaFeedback\" class=\"section\" style=\"margin:0px;padding:10px 0px 0px;border:0px;\">\n	<div class=\"title\" style=\"margin:0px;padding:0px;\">\n		媒体评论\n	</div>\n	<div class=\"descrip\" style=\"margin:0px;padding:14px 20px;border:0px;color:#656565;font-size:14px;\">\n		<p>\n			&nbsp;&nbsp;&nbsp;&nbsp;&nbsp; 至于说到《红楼梦》的价值，可是在中国的小说中实在是不可多得的。其要点在敢于如实描写，并无讳饰，和从前的小说叙好人完全是好，坏人完全是坏的，大不相同，所以其所叙有人物，都是真的人物。总之自有《红楼梦》出来以后，传统的思想和写法都打破了。\n		</p>\n		<p>\n			&nbsp;&nbsp;&nbsp;&nbsp;&nbsp; ——著名文学家、思想家&nbsp; 鲁迅\n		</p>\n		<p>\n			&nbsp;&nbsp;&nbsp;&nbsp;&nbsp; 《红楼梦》帮助你体验人生。读一部《红楼梦》，等于活了一次，至少是活了二十年。\n		</p>\n		<p>\n			&nbsp;&nbsp;&nbsp;&nbsp;&nbsp; ——当代作家、学者&nbsp; 王蒙\n		</p>\n		<p>\n			&nbsp;&nbsp;&nbsp;&nbsp;&nbsp; 《红楼梦》是我们中华民族的一部古往今来、*的“文化小说”。从所有中国明清两代重要小说来看，没有哪一部能像《红楼梦》具有如此惊人广博而深厚的文化内涵的了。\n		</p>\n		<p>\n			&nbsp;&nbsp;&nbsp;&nbsp;&nbsp; ——著名红学家 周汝昌\n		</p>\n	</div>\n</div>\n<div id=\"extract\" class=\"section\" style=\"margin:0px;padding:10px 0px 0px;border:0px;\">\n	<div class=\"title\" style=\"margin:0px;padding:0px;\">\n		免费在线读\n	</div>\n	<div class=\"descrip\" style=\"margin:0px;padding:14px 20px;border:0px;color:#656565;font-size:14px;\">\n		<span id=\"extract-show-all\" style=\"font-family:&quot;background-color:#FFFFFF;\">第一回<br />\n贾宝玉初见林黛玉<br />\n传说，当年女娲炼石补天，用掉三万六千五百块顽石，最后剩下一块，弃在青埂峰下。谁知这块石头已经有了灵性，能来去自如，可变大变小，想到别的石头都补了天，唯独自己被闲置，整天唉声叹气。一天，山上来了一个僧人和一个道士，见到这块石头，非常喜欢。僧人对石头说：“看起来，你倒算是个灵物，将来带你去富贵人间走一趟吧。”石头很高兴，问他去哪里。僧人笑着说：“日后你就明白了。”说完便和道士飘然离开。<br />\n不知过了多少年，有人在梦中见到一位僧人和一位道士，并从他们口中听到一个故事：西方有条河叫灵河，灵河边有块石头叫三生石，三生石边长了一棵草叫绛珠草。这石头原本是女娲补天剩下的灵石，整天逍遥自在，见到绛珠草可爱，就每天用露水灌溉。后来绛珠草修炼成为女人，发誓如果灵石投胎人间，她也会跟着一起投胎，用自己一生的泪水偿还灌溉之恩。而这僧人和道士，正要带着这块灵石去人间投胎。<br />\n这年京城发生了一件奇事。贵为城中四大豪门之一的贾家得了一个男孩，这孩子一生下来嘴里就含着一块宝玉，因此得名“贾宝玉”。这块玉被家人看作他的命根子，整天让他戴在身上。<br />\n一年后，在南方的苏州城，贾宝玉有位表妹也出生了，名叫林黛玉。没有人知道，他俩前世便是那灵河畔的三生石和绛珠草。<br />\n林黛玉的母亲去世早，她的外祖母，也就是贾宝玉的奶奶，决定将外孙女接到身边来照顾。起初黛玉不愿意离开父亲，但是父亲说：“你年龄小，身体又弱，在我身边没有母亲教养，更没有兄弟姐妹扶持，不如去你外祖母那里，和舅舅家的孩子在一起，对你也好，我也放心。”黛玉便收拾东西，带奶妈、丫鬟一起登船，远去京城投靠了外祖母。一路随行的还有黛玉的老师贾雨村。<br />\n黛玉离船登岸的时候，外祖母早就安排好轿子等着了。以前黛玉听母亲说过外祖母家如何如何，而今天光是看这些低等仆人的打扮，就更知不一般。路上她从轿子的纱窗中向外看，只见京城街市繁华，人群熙熙攘攘。走了一阵子，忽然见到大街北边有三扇兽头大门，门口蹲着两尊大石狮，门上一块大匾，上书五个大字：“敕造宁国府”。贾家当初兄弟二人，哥哥被封为宁国公，弟弟被封为荣国公，二人住的府邸也就被称作宁国府和荣国府。这两座府邸隔街相望，占了大半条街。林黛玉的外祖母人称贾母，住的地方是荣国府。过了宁国府往西不远，便到了荣国府。<br />\n进门下轿后，在众人的引导下，黛玉来到后面的大院。正房五间，雕梁画栋，两边又有厢房和游廊，上面挂着鹦鹉、画眉等鸟雀。台阶上坐着小丫鬟，个个穿得花红柳绿，看到黛玉一群人来了，都站起来笑脸相迎，说：“刚才老太太还念叨呢，这么巧就来了。”争着撩起门帘，有人向屋里通报：“林姑娘到了。”<br />\n黛玉刚进屋子，就见两个人搀着一位鬓发如银的老夫人迎上来。黛玉心想这肯定就是外祖母了，刚要行礼，却被外祖母一把搂入怀中，一边大哭一边喊着心肝儿。众人见此情景，都跟着落泪，黛玉也哭个不停。慢慢地，在众人的劝解下，贾母和黛玉才止住不哭。黛玉这时才行礼拜见外祖母。贾母吩咐下人：“今天有客人远道而来，让姑娘们不用去上课了，都过来吧。”<br />\n不一会儿，来了三个姐妹。第一个名叫迎春，是大舅贾赦庶出，她身材适中，略显丰满，看上去很温柔，让人觉得亲切；第二个名叫探春，是二舅贾政庶出，她身材高挑，鸭蛋脸，眼睛俊俏，一股书卷气；第三个名叫惜春，是宁国府里的，现在年龄还小。贾政的长女元春被选入宫中做女史，这时候不在府上。<br />\n黛玉赶忙站起来向三个姐妹施礼。众人见黛玉年龄虽小，但举止不俗，言谈得体，只不过身子有些虚弱，就问她吃些什么药之类的话。贾母说：“我这里正配丸药呢，叫他们多配一副吧。”<br />\n话音刚落，就听后院里传来笑声，还说着：“我来迟了，不曾迎接远客！”黛玉心里纳闷：“这里的人个个严肃，大气不喘，是谁敢这么放肆？”只见几名丫鬟围着一个人从后房门进来。这人身材苗条，衣裙华丽，宛若仙女，丹凤眼、柳叶眉，虽是满脸笑意，却带着一种不怒自威的气质。<br />\n黛玉连忙站起来。贾母笑着说：“你不认得她。她可是我们这里最泼辣的，你叫她‘凤辣子’就是了。”黛玉正不知该怎么称呼，一边的姐妹们告诉她：“这是琏嫂子。”黛玉曾听母亲说过，大舅贾赦的儿子贾琏，娶的媳妇名叫王熙凤，想必就是眼前这位了。黛玉连忙笑着施礼，称她为嫂子。<br />\n王熙凤拉着黛玉的手，上下仔细打量一番，笑着说：“天下真有这样标致的人啊，我今儿才算见了！这样子哪像是老祖宗的外孙女，简直就是亲孙女，怪不得老祖宗天天念叨。只可惜我这妹妹命苦，姑妈偏就去世了！”说着，便用手帕擦泪。贾母笑着说：“我这才刚好了，你又来招我。”王熙凤转悲为喜，问黛玉：“妹妹几岁了？上过学吗？现在吃什么药？在这里不要想家，想要什么跟我说，丫鬟老婆子谁对你不好也只管告诉我。”<br />\n随后，贾母让黛玉去见过两位舅舅。于是大舅母邢夫人带着黛玉出了门，来见贾赦。贾赦在书房，但没有出来相见，只是派人传话说：“最近几天身体不适，见了姑娘彼此伤心，所以暂且不见。在这里跟家里一样，不要太想家。”黛玉告辞后，又去拜见二舅贾政，也没见到。二舅母王夫人说：“你舅舅今日斋戒去了，以后再见吧。我有件事不放心，叮嘱你一下。你那三个姐妹都很好，就是我那个祸害儿子，人称‘混世魔王’，今天去庙里还愿去了，还没回来。要是见了他，不要理睬他就是了。”<br />\n黛玉早听母亲说过，二舅母生的表兄出生时嘴里含玉，非常顽皮，厌恶读书，就喜欢跟女孩子一块儿玩，因为外祖母溺爱他，所以没人敢管。黛玉问：“舅母说的是不是那位含玉出生的哥哥？我听家母提过，说他大我一岁，名叫宝玉。”王夫人说：“不招惹他还好，多和他说一句话，他心里一乐，就会惹出事来。”这时有丫鬟来喊：“老太太吩咐去吃晚饭。”王夫人忙带黛玉去往贾母那里。<br />\n王熙凤把黛玉安排在贾母身边第一张空椅子上，黛玉推辞不肯，贾母笑道：“你是客人，坐这儿吧，你舅母嫂子们不在这吃。”黛玉这才坐下。迎春、探春、惜春依次入座。贾母问黛玉读过什么书，黛玉回答：“只读过《四书》。”黛玉还问：“姐妹们都念过什么书？”贾母答：“什么念书，只不过识几个字罢了。”<br />\n就在这时，外面一阵脚步声传来，丫鬟们笑着说：“宝玉来了！”话还没说完，就进来一位年轻公子。黛玉一见他，大吃一惊，心想：“我怎么看他这么眼熟，像是哪里见过一样。”贾母命宝玉：“先去给你母亲请安。”宝玉转身出去，不一会儿又回来了，这时身上已换了另外一套衣服。<br />\n贾母笑着说：“还不见过你妹妹！”宝玉早就发现多了一个妹妹，赶紧上来施礼，还笑着说：“这个妹妹我曾见过。”贾母笑他胡说。宝玉说：“虽说没见过，但是看着眼熟，就当作久别重逢的旧相识好了。”<br />\n宝玉走到黛玉身边坐下，问：“妹妹读过书吗？”黛玉回答：“只上了一年学，认识几个字。”说过一些话之后，宝玉又问黛玉：“你有没有玉？”黛玉心想可能他有玉，就问我有没有，于是回答：“我没有。你那玉肯定是个宝贝，怎么可能人人都有。”宝玉一听，立即摘下脖子上的玉，狠狠摔在地上，骂道：“什么稀罕玩意儿，我也不要了！”众人赶忙去捡。贾母急得搂过宝玉说：“要生气，打人骂人都行，干吗去摔那命根子！”宝玉哭着说：“家里姐姐妹妹都没有，就我有，现在又来了一位神仙似的妹妹，也没有，这肯定不是个好东西！”贾母赶紧哄他说：“你这个妹妹也有玉的，她说没有，只不过是不想张扬。还不赶紧戴上，小心让你娘知道了！”说着从丫鬟手里接过玉，给他戴上。<br />\n晚上，贾母安排黛玉暂时住下，等过了冬天再好好安置。见她带来的奶娘太老，丫鬟又太小，于是又另外给她安排了一个丫鬟，名叫鹦哥。晚上，黛玉想到自己初来乍到就惹宝玉生气，宝玉差点把那块玉摔坏了，忍不住一个人偷着伤心落泪起来，在几个丫鬟的劝说下好不容易才释然入睡。<br />\n第二回<br />\n葫芦僧乱判葫芦案<br />\n黛玉早上醒来后，拜见完贾母，就去了王夫人那里。正好看见她与王熙凤在看一封来自金陵的书信，边看边窃窃私语，还把兄嫂处的两个媳妇叫来说话。黛玉很是纳闷，但也不知道是什么原因。后听见探春等私底下议论，原来是金陵城内姨母薛家的儿子薛蟠，依仗家中的财势，在外面横行霸道，如今竟打死了人。现在应天府正审理此案，薛家派人来报，说希望能让他来京城躲一躲。<br />\n应天府的知府名叫贾雨村，曾是黛玉父亲为黛玉请的老师。他之前曾做过地方官员，但因为得罪权贵而被免职。后来朝廷重新启用被革职的官员，他借机去求了黛玉的父亲林如海，希望能再谋得一官半职。林如海则修书一封，把他推荐给了黛玉的舅舅贾政。就这样，靠着贾政的关系，贾雨村得到了应天府知府一职。<br />\n这贾雨村刚一上任，接到的就是一桩人命官司。详细问后才知道，原来是两家争买一个婢女，互不相让，以至于大打出手，伤及人命。雨村立即传来原告审讯，那原告说：“被打死的是我家主子，一日买了个丫头，谁想到是人贩子拐来卖的。这人贩子先收了我家主子的银子，说好第三天来接人，背地里他又偷偷把这个女子卖给了薛家。被我家主子知道了，就去找卖家，想把这个女子给要回来。这薛家本是金陵一霸，倚仗财势，竟叫奴才把我家主子打死了。现在主犯已经跑了，只剩下几个局外人。我告了一年的状，竟没人能替我做主，求老爷能缉拿凶手，伸张正义，小人没齿不忘老爷的大恩大德！”<br />\n雨村听了大怒道：“还有这等事！凶犯竟然这样跑了！”正要发签把凶犯家属拿来拷问，只见案边一个门子对他使眼色不让他发签。雨村心里很是疑惑，只得停下了手。退堂进了密室，令仆人都退下，只留下门子一人。门子忙上前请安，笑问：“老爷这些年升官发财，才八九年，就忘了我了？”雨村道：“看着眼熟，一时想不起来了。”门子笑道：“您是贵人多忘事，可还记得当年葫芦庙里的事吗？”<br />\n雨村一听大惊，这才想起了往事。这门子原是葫芦庙里的一个小沙弥。雨村当年因为家贫，进京赶考时曾住在那里，不承想在这里遇见了他，笑道：“原来是故人！”便让他坐下聊。雨村问：“为什么你刚才不让我发签呀？”这门子说：“老爷到此上任，难道没有抄一份本省的‘护官符’吗？”雨村一听很是诧异：“什么是‘护官符’？”门子说：“如今凡是做地方官的，私底下都会备一份单子，上面列的都是本省最有权势和钱财的富绅姓名，各省都一样。如果不知道，一旦得罪了他们，不只官位保不住，连性命都有危险。刚才所说的薛家，老爷怎么得罪得起！”说完，从口袋中取出一张抄好的“护官符”来给雨村看：<br />\n贾不假，白玉为堂金作马。<br />\n阿房宫，三百里，住不下金陵一个史。<br />\n东海缺少白玉床，龙王来请金陵王。<br />\n丰年好大雪，珍珠如土金如铁。<br />\n门子说道：“这四家就是贾、史、王、薛四大家族。他们互为姻亲，一损俱损，一荣俱荣，相互照应呀！今天被告的‘薛’就是丰年大雪的‘薛’呀，不单靠其余的三家，他们还有很多世交亲友也在朝廷上，老爷如何去拿他呀？”雨村笑问门子道：“听你这样说来，可知该怎样了结此案，你大概也知道凶犯跑到哪里去了吧？”<br />\n门子笑道：“不瞒老爷说，不但这凶犯在哪儿我知道，连死主我也知道。被打死的人叫冯渊，年纪在十八九岁，是一名小乡宦的儿子，父母都已经死了，也没有兄弟姐妹。也不知道他前世作了什么孽，一眼就看上了这个被拐卖的丫头，想要买来做妾，且发誓一辈子不娶第二个，可见很是郑重其事。谁知这人贩子竟又偷偷将她卖给了薛家，想卷着银子逃跑，结果被两家给抓住了，打了个半死。可两家谁都不肯收银子，都要人。那薛公子一向蛮横，怎么肯让，便指使手下把冯渊暴打了一顿，可怜那冯渊被抬回去后三天就死了。这薛公子打了冯公子，夺来了这个丫头之后，竟和没事人一样，直接带了家眷去了京城，人命这些小事，自有他的兄弟在料理。”<br />\n门子继续说道：“老爷可知这被卖的丫头是谁？”雨村说：“我怎么可能知道。”门子冷笑道：“她就是原来住在葫芦庙旁的甄老爷的女儿，小名叫英莲。说起甄老爷，他曾经资助您上京赶考，还算是您的大恩人呢。”雨村一听大惊失色：“怎么会是她！早听说她五岁就被人拐走了，怎么现在才卖？”<br />\n门子说：“这人贩子专门拐卖幼女，等养到十一二岁，再卖到别的地方。这英莲，当年我们天天哄她玩，还记得她眉心当中有一个米粒大点的胭脂吗？那是从娘胎里带出来的，所以虽然过了七八年，我还是一眼就认了出来。”雨村问：“你怎么会碰见她？”门子说：“事也凑巧，那个人贩子恰恰租了我的房子居住，一日趁人贩子不在家，我悄悄去问过她。她只说小时候的事不记得了。本以为她能嫁给这冯公子，也算是一个好姻缘，可以不再受苦。可天下就有这么多不如意的事情，偏偏就又被卖给了薛家。这个薛公子，就是个混世魔王，平日里无恶不作，花钱如流水，硬是把英莲抢了过去，现在也不知死活。可怜这冯公子，空欢喜一场，花了钱，还送了命！”<br />\n雨村听了，叹息道：“倘若英莲真的跟了这位冯公子，倒是件美事。想那薛家公子，虽然富贵，但肯定骄奢淫逸，妻妾如云，真是一个苦命的孩子啊！先不说别人，这个官司该如何判才好？”门子笑道：“老爷当年是何其英明，现在怎么没了主意！小的听说此次老爷能升任至此，是贾府和王府出了力的关系。薛蟠是贾府的亲戚，老爷何不顺水推舟，做个人情，把此案了结，以后也好去见贾、王两位大人。”雨村低了头，半天方说道：“依你该怎么办？”门子道：“小人想了一个极好的主意，老爷明日坐堂，只管虚张声势，动文书，发签拿人。凶犯自然是拿不来的，原告如果不依，只要将薛家的族人或者仆人抓来拷问，小的在暗中调节，令他们报薛蟠已经暴毙身亡，再联合族中和地方衙门共同交来一份保呈，说薛蟠已死，同时老爷可当堂判一些丧葬费给冯家。那冯家也没什么人了，不过是为了钱，有了银子，他们也就无话了。老爷觉得此计可行吗？”雨村笑道：“不妥，不妥，待我再考虑考虑。”<br />\n第二天坐堂时，雨村自是详加审问，发现冯家果然人口稀少，不过是想借此要点银子，但薛家依仗权势，不肯相让，所以官司一直未判。看清其中玄机之后，雨村遂胡乱判了此案，冯家人得了银子，便也不再说话了。随后，雨村又急忙修书给贾政和京营节度使王子腾，不过说“令甥之事，已经完结，不必过虑”的话。其实，此事全赖葫芦庙内沙弥门<br />\n</span>\n		<div class=\"section_show_more\" style=\"margin:0px;padding:15px 0px 0px;border:0px;text-align:right;font-family:&quot;background-color:#FFFFFF;\">\n		</div>\n	</div>\n</div>',NULL),(691237668637376512,'三国演义（上下册）','group1/M00/00/00/wKgAkl520oWAVdftAAFBYXfX9Y8617.jpg','四大名著,三国演义,罗贯中','<div id=\"abstract\" class=\"section\" style=\"margin:0px;padding:10px 0px 0px;border:0px;color:#666666;font-family:\" background-color:#ffffff;\"=\"\">\n<div class=\"title\" style=\"margin:0px;padding:0px;\">\n	<span style=\"background:url(\" font-size:14px;line-height:22px;font-family:\"color:#323232;\"=\"\">编辑推荐</span> \n</div>\n<div class=\"descrip\" style=\"margin:0px;padding:14px 20px;border:0px;color:#656565;font-size:14px;\">\n	<span id=\"abstract-all\"></span> \n	<p>\n		<strong>【不拘泥于底本，据正史校对】</strong><br />\n以清初毛评本为底本，参校明清多个版本，但不拘泥于底本。并据正史《三国志》《晋书》《资治通鉴》等订正百余处与史实不符的错误，以及前后不一致的地方。例如，“第七回”叙述蔡瑁是刘表后妻之兄、刘表新娶其妹，“第三十四回”又说“蔡瑁告其姊蔡夫人”，称刘表之妻蔡夫人为姐，前后相异，明显讹误。<br />\n<br />\n<strong>【疑难点注音注释，无障碍阅读】 </strong><br />\n全书统一规范用字，新增注释20000余字，补充史实，阐释文化，兼具考证。对书中的疑难字词、人名地名、职官名、名物典故、礼仪制度、天文地理、历史掌故，及谶语、谜语、梦境等预兆，都做了详尽的注释说明。<br />\n<br />\n<strong>【时间轴彩色拉页&amp;人物关系表】</strong><br />\n上册“《三国演义》重要事件进程表”，下册附“《三国演义》主要人物关系表”，把复杂的三国历史进程以长卷彩色拉页概略展示，将汉末至三国时代的权力传承和人才归属等清晰呈现，使读者对于漫长的历史及各阵营一目了然。\n	</p>\n</div>\n	</div>\n<div id=\"content\" class=\"section\" style=\"margin:0px;padding:10px 0px 0px;border:0px;color:#666666;font-family:\" background-color:#ffffff;\"=\"\">\n	<div class=\"title\" style=\"margin:0px;padding:0px;\">\n		<span style=\"background:url(\" font-size:14px;line-height:22px;font-family:\"color:#323232;\"=\"\">内容简介</span> \n	</div>\n	<div class=\"descrip\" style=\"margin:0px;padding:14px 20px;border:0px;color:#656565;font-size:14px;\">\n		<span id=\"content-all\"></span> \n		<p>\n			“三国”是中国历史上一个受关注的热度持续不减的时代。《三国演义》，全名《三国志通俗演义》，是晋代史官陈寿所著《三国志》的通俗演义小说，在元末明初，大约十四世纪，罗贯中依据正史《三国志》，结合讲史话本、笔记小说、民间故事甚或稗官野史，把《三国志》这样严肃、枯燥、一般人难以读懂的正史，以小说的方式，重新创作成孺子也能读懂的恢宏壮阔、曲折生动的通俗历史演义小说。一经刊行，则风靡一时，被视为“奇书”。\n		</p>\n	</div>\n</div>\n<div id=\"authorIntroduction\" class=\"section\" style=\"margin:0px;padding:10px 0px 0px;border:0px;color:#666666;font-family:\" background-color:#ffffff;\"=\"\">\n<div class=\"title\" style=\"margin:0px;padding:0px;\">\n	<span style=\"background:url(\" font-size:14px;line-height:22px;font-family:\"color:#323232;\"=\"\">作者简介</span> \n</div>\n<div class=\"descrip\" style=\"margin:0px;padding:14px 20px;border:0px;color:#656565;font-size:14px;\">\n	<span id=\"authorIntroduction-all\"></span> \n	<p>\n		罗贯中（约1315年－约1385年），名本，字贯中，号湖海散人，元末明初著名小说家、戏曲家，曾参加农民起义，中国章回小说的鼻祖、历史演义的开山之祖，创立“依史以演义”的写法影响后世，使通俗历史演义和正史并驾生辉。\n	</p>\n</div>\n	</div>\n<div id=\"catalog\" class=\"section\" style=\"margin:0px;padding:10px 0px 0px;border:0px;color:#666666;font-family:\" background-color:#ffffff;\"=\"\">\n	<div class=\"title\" style=\"margin:0px;padding:0px;\">\n		<span style=\"background:url(\" font-size:14px;line-height:22px;font-family:\"color:#323232;\"=\"\">目　　录</span> \n	</div>\n	<div class=\"descrip\" style=\"margin:0px;padding:14px 20px;border:0px;color:#656565;font-size:14px;\">\n		<span id=\"catalog-show-all\"> \n		<p>\n			第一回 宴桃园豪杰三结义 斩黄巾英雄首立功<br />\n第二回 张翼德怒鞭督邮 何国舅谋诛宦竖<br />\n第三回 议温明董卓叱丁原 馈金珠李肃说吕布<br />\n第四回 废汉帝陈留践位 谋董贼孟德献刀<br />\n第五回 发矫诏诸镇应曹公 破关兵三英战吕布<br />\n第六回 焚金阙董卓行凶 匿玉玺孙坚背约<br />\n第七回 袁绍磐河战公孙 孙坚跨江击刘表<br />\n第八回 王司徒巧使连环计 董太师大闹凤仪亭<br />\n第九回 除暴凶吕布助司徒 犯长安李傕听贾诩<br />\n第十回 勤王室马腾举义 报父仇曹操兴师<br />\n第十一回 刘皇叔北海救孔融 吕温侯濮阳破曹操<br />\n第十二回 陶恭祖三让徐州 曹孟德大战吕布<br />\n第十三回 李傕郭汜大交兵 杨奉董承双救驾<br />\n第十四回 曹孟德移驾幸许都 吕奉先乘夜袭徐郡<br />\n第十五回 太史慈酣斗小霸王 孙伯符大战严白虎<br />\n第十六回 吕奉先射戟辕门 曹孟德败师淯水<br />\n第十七回 袁公路大起七军 曹孟德会合三将<br />\n第十八回 贾文和料敌决胜 夏侯惇拔矢啖睛<br />\n第十九回 下邳城曹操鏖兵 白门楼吕布殒命<br />\n第二十回 曹阿瞒许田打围 董国舅内阁受诏<br />\n第二十一回 曹操煮酒论英雄 关公赚城斩车胄<br />\n第二十二回 袁曹各起马步三军 关张共擒王刘二将<br />\n第二十三回 祢正平裸衣骂贼 吉太医下毒遭刑<br />\n第二十四回 国贼行凶杀贵妃 皇叔败走投袁绍<br />\n第二十五回 屯土山关公约三事 救白马曹操解重围<br />\n第二十六回 袁本初败兵折将 关云长挂印封金<br />\n第二十七回 美髯公千里走单骑 汉寿侯五关斩六将<br />\n第二十八回 斩蔡阳兄弟释疑 会古城主臣聚义<br />\n第二十九回 小霸王怒斩于吉 碧眼儿坐领江东<br />\n第三十回 战官渡本初败绩 劫乌巢孟德烧粮<br />\n第三十一回 曹操仓亭破本初 玄德荆州依刘表<br />\n第三十二回 夺冀州袁尚争锋 决漳河许攸献计<br />\n第三十三回 曹丕乘乱纳甄氏 郭嘉遗计定辽东<br />\n第三十四回 蔡夫人隔屏听密语 刘皇叔跃马过檀溪<br />\n第三十五回 玄德南漳逢隐沦 单福新野遇英主<br />\n第三十六回 玄德用计袭樊城 元直走马荐诸葛<br />\n第三十七回 司马徽再荐名士 刘玄德三顾草庐<br />\n第三十八回 定三分隆中决策 战长江孙氏报仇<br />\n第三十九回 荆州城公子三求计 博望坡军师初用兵<br />\n第四十回 蔡夫人议献荆州 诸葛亮火烧新野<br />\n第四十一回 刘玄德携民渡江 赵子龙单骑救主<br />\n第四十二回 张翼德大闹长坂桥 刘豫州败走汉津口<br />\n第四十三回 诸葛亮舌战群儒 鲁子敬力排众议<br />\n第四十四回 孔明用智激周瑜 孙权决计破曹操<br />\n第四十五回 三江口曹操折兵 群英会蒋干中计<br />\n第四十六回 用奇谋孔明借箭 献密计黄盖受刑<br />\n第四十七回 阚泽密献诈降书 庞统巧授连环计<br />\n第四十八回 宴长江曹操赋诗 锁战船北军用武<br />\n第四十九回 七星坛诸葛祭风 三江口周瑜纵火<br />\n第五十回 诸葛亮智算华容 关云长义释曹操<br />\n第五十一回 曹仁大战东吴兵 孔明一气周公瑾<br />\n第五十二回 诸葛亮智辞鲁肃 赵子龙计取桂阳<br />\n第五十三回 关云长义释黄汉升 孙仲谋大战张文远<br />\n第五十四回 吴国太佛寺看新郎 刘皇叔洞房续佳偶<br />\n第五十五回 玄德智激孙夫人 孔明二气周公瑾<br />\n第五十六回 曹操大宴铜雀台 孔明三气周公瑾<br />\n第五十七回 柴桑口卧龙吊丧 耒阳县凤雏理事<br />\n第五十八回 马孟起兴兵雪恨 曹阿瞒割须弃袍<br />\n第五十九回 许诸裸衣斗马超 曹操抹书问韩遂<br />\n第六十回 张永年反难杨修 庞士元议取西蜀<br />\n第六十一回 赵云截江夺阿斗 孙权遗书退老瞒<br />\n第六十二回 取涪关杨高授首 攻雒城黄魏争功<br />\n第六十三回 诸葛亮痛哭庞统 张翼德义释严颜<br />\n第六十四回 孔明定计捉张任 杨阜借兵破马超<br />\n第六十五回 马超大战葭萌关 刘备自领益州牧<br />\n第六十六回 关云长单刀赴会 伏皇后为国捐生<br />\n第六十七回 曹操平定汉中地 张辽威震逍遥津<br />\n第六十八回 甘宁百骑劫魏营 左慈掷杯戏曹操<br />\n第六十九回 卜周易管辂知机 讨汉贼五臣死节<br />\n第七十回 猛张飞智取瓦口隘 老黄忠计夺天荡山<br />\n第七十一回 占对山黄忠逸待劳 据汉水赵云寡胜众<br />\n第七十二回 诸葛亮智取汉中 曹阿瞒兵退斜谷<br />\n第七十三回 玄德进位汉中王 云长攻拔襄阳郡<br />\n第七十四回 庞令明抬榇决死战 关云长放水淹七军<br />\n第七十五回 关云长刮骨疗毒 吕子明白衣渡江<br />\n第七十六回 徐公明大战沔水 关云长败走麦城<br />\n第七十七回 玉泉山关公显圣 洛阳城曹操感神<br />\n第七十八回 治风疾神医身死 传遗命奸雄数终<br />\n第七十九回 兄逼弟曹植赋诗 侄陷叔刘封伏法<br />\n第八十回 曹丕废帝篡炎刘 汉王正位续大统<br />\n第八十一回 急兄仇张飞遇害 雪弟恨先主兴兵<br />\n第八十二回 孙权降魏受九锡 先主征吴赏六军<br />\n第八十三回 战猇亭先主得仇人 守江口书生拜大将<br />\n第八十四回 陆逊营烧七百里 孔明巧布八阵图<br />\n第八十五回 刘先主遗诏托孤儿 诸葛亮安居平五路<br />\n第八十六回 难张温秦宓逞天辩 破曹丕徐盛用火攻<br />\n第八十七回 征南寇丞相大兴师 抗天兵蛮王初受执<br />\n第八十八回 渡泸水再缚番王 识诈降三擒孟获<br />\n第八十九回 武乡侯四番用计 南蛮王五次遭擒<br />\n第九十回 驱巨兽六破蛮兵 烧藤甲七擒孟获<br />\n第九十一回 祭泸水汉相班师 伐中原武侯上表<br />\n第九十二回 赵子龙力斩五将 诸葛亮智取三城<br />\n第九十三回 姜伯约归降孔明 武乡侯骂死王朗<br />\n第九十四回 诸葛亮乘雪破羌兵 司马懿克日擒孟达<br />\n第九十五回 马谡拒谏失街亭 武侯弹琴退仲达<br />\n第九十六回 孔明挥泪斩马谡 周鲂断发赚曹休<br />\n第九十七回 讨魏国武侯再上表 破曹兵姜维诈献书<br />\n第九十八回 追汉军王双受诛 袭陈仓武侯取胜<br />\n第九十九回 诸葛亮大破魏兵 司马懿入寇西蜀<br />\n第一百回 汉兵劫寨破曹真 武侯斗阵辱仲达<br />\n第一百一回 出陇上诸葛妆神 奔剑阁张郃中计<br />\n第一百二回 司马懿占北原渭桥 诸葛亮造木牛流马<br />\n第一百三回 上方谷司马受困 五丈原诸葛禳星<br />\n第一百四回 陨大星汉丞相归天 见木像魏都督丧胆<br />\n第一百五回 武侯预伏锦囊计 魏主拆取承露盘<br />\n第一百六回 公孙渊兵败死襄平 司马懿诈病赚曹爽<br />\n第一百七回 魏主政归司马氏 姜维兵败牛头山<br />\n第一百八回 丁奉雪中奋短兵 孙峻席间施密计<br />\n第一百九回 困司马汉将奇谋 废曹芳魏家果报<br />\n第一百十回 文鸯单骑退雄兵 姜维背水破大敌<br />\n第一百十一回 邓士载智败姜伯约 诸葛诞义讨司马昭<br />\n第一百十二回 救寿春于诠死节 取长城伯约鏖兵<br />\n第一百十三回 丁奉定计斩孙綝 姜维斗阵破邓艾<br />\n第一百十四回 曹髦驱车死南阙 姜维弃粮胜魏兵<br />\n第一百十五回 诏班师后主信谗 托屯田姜维避祸<br />\n第一百十六回 钟会分兵汉中道 武侯显圣定军山<br />\n第一百十七回 邓士载偷度阴平 诸葛瞻战死绵竹<br />\n第一百十八回 哭祖庙一王死孝 入西川二士争功<br />\n第一百十九回 假投降巧计成虚话 再受禅依样画葫芦<br />\n第一百二十回 荐杜预老将献新谋 降孙皓三分归一统\n		</p>\n</span> \n	</div>\n</div>\n<div id=\"preface\" class=\"section\" style=\"margin:0px;padding:10px 0px 0px;border:0px;color:#666666;font-family:\" background-color:#ffffff;\"=\"\">\n<div class=\"title\" style=\"margin:0px;padding:0px;\">\n	<span style=\"background:url(\" font-size:14px;line-height:22px;font-family:\"color:#323232;\"=\"\">前　　言</span> \n</div>\n<div class=\"descrip\" style=\"margin:0px;padding:14px 20px;border:0px;color:#656565;font-size:14px;\">\n	<span id=\"preface-show-all\"> \n	<p>\n		《三国演义》是一部具有世界影响力的中国古典长篇小说，在以华夏文明为核心的东亚文化圈备受推崇。它与另外三部古典小说《红楼梦》《水浒传》《西游记》合称 “四大名著”。<br />\n“三国”是中国历史上一个受关注的热度持续不减的时代，历代或诗词予以歌咏，或戏曲、小说演绎爱憎，或民间口耳广为传颂。这一时期在国人的心目中遂成为江山如画，引无数英雄竞逐的史诗，极为罕见地同时吸引帝王、士大夫和平民阶层的关注。继先秦百家争鸣之后，三国时代追逐“人才”到达极致，又对人才的出身、个性、情感、谋略及自主选择阵营等充分尊重，这实质就是对人的尊重。今日所推崇的史观“人民是创造历史的动力”，换言之就是发挥人自身的能量进而创造历史。读《三国演义》之法，重点在于读懂形形色色的人的交际网，他们之间或竞争或分合，或争权或夺利，共同演绎了历史的进程、岁月的变迁、人事的更替。究其本质，整部书就是带领读者深入形形色色的人所构织的世道人心。凡刀光剑影之下，皆是人性的剪影。<br />\n《三国演义》全名《三国志通俗演义》，是晋代史官陈寿所著《三国志》的通俗演义小说，最初题有“晋平阳侯陈寿史传、后学罗本贯中编次”，自述了其渊源。在元末明初，大约十四世纪，罗贯中依据正史《三国志》，结合讲史话本、笔记小说、民间故事甚或稗官野史，把《三国志》这样严肃、枯燥、一般人难以读懂的正史，以小说的方式，重新创作成孺子也能读懂的恢宏壮阔、曲折生动的通俗历史演义小说。一经刊行，则风靡一时，被视为“奇书”。<br />\n今存《三国演义》较早刊本中，明朝嘉靖壬午年（1522）的刊刻本，为学界公认的早期善本。该版本分为二十四卷，每卷十回，共有二百四十回，称“嘉靖本”或“嘉靖壬午本”。迄今最为流行的版本，不是明嘉靖本，而是在清初经毛纶、毛宗岗父子修订整理和评注的《三国志演义》，通称“毛评本”或“毛本”，共一百二十回，每回都加了评注，毛氏父子假托“圣叹外书”之名，点评其为“第一才子书”。新中国成立以后，人民文学出版社将一百二十回的“毛评本”删除毛氏评论，又参照嘉靖本整理后出版，即为当今大多数读者所熟知的《三国演义》版本。<br />\n我们重新整理出版的此本《三国演义》，以清初大魁堂本《绣像金批第一才子书》为底本，参校的版本主要有：明嘉靖本、上海古籍出版社影印版毛评本（1989年）、沈伯俊《三国演义》校理本（1994年），正文前彩页中的画像图出自清光绪庚寅冬月广百宋斋校印的《图像三国志》（1890年）。我们在重新校勘、标点的同时，还增加了详细的注释。本书有如下几个特点：<br />\n1. 文中更正或在注释中指明与历史事实不相符的错误，改正前后不一致的地方。例如，“第七回”叙述蔡瑁是刘表后妻之兄、刘表新娶其妹，到了“第三十四回”又说“蔡瑁告其姊蔡夫人”，称刘表之妻蔡夫人为姐（此为历史事实），前后相异，明显讹误。 <br />\n2. 增加了大量的注释。对书中的疑难字词、人名地名、职官名、名物典故、礼仪制度、天文地理、历史掌故，以及谶语、谜语、梦境等预兆，都做了详尽的注释或者说明。<br />\n3. 增加了实用图表。把复杂的三国历史进程以时间轴的形式概略呈现，将汉末至三国时代的权力传承和人才归属等清晰呈现，使读者对于漫长的历史及各阵营一目了然。<br />\n<br />\n<br />\n限于时间和整理者学识，本书难免会存在不足或疏漏之处，敬请广大读者指正，再版时我们将精心修订，臻至完善。\n	</p>\n</span> \n</div>\n	</div>\n<div id=\"mediaFeedback\" class=\"section\" style=\"margin:0px;padding:10px 0px 0px;border:0px;color:#666666;font-family:\" background-color:#ffffff;\"=\"\">\n	<div class=\"title\" style=\"margin:0px;padding:0px;\">\n		<span style=\"background:url(\" font-size:14px;line-height:22px;font-family:\"color:#323232;\"=\"\">媒体评论</span> \n	</div>\n	<div class=\"descrip\" style=\"margin:0px;padding:14px 20px;border:0px;color:#656565;font-size:14px;\">\n		<span id=\"mediaFeedback-all\"></span> \n		<p>\n			开国领袖：“中国有三部小说，《三国演义》《水浒传》《红楼梦》，谁不看完这三部小说，谁就不算中国人。” <br />\n<br />\n<br />\n金庸：“在中国的古典小说中，《三国演义》享有崇高之极的地位，没有任何一部小说比得上，近三百年来，向来称之为‘*才子书’，或‘*奇书’。《三国演义》的社会影响，远远超过了它的文学价值。虽然，就文学而论，它的人物塑造功夫也确是*流的，中国后世的小说家从其中吸取了营养。”\n		</p>\n		<p>\n			<span style=\"color:#333333;font-family:arial, sans-serif;\"><span>（日）<span><span>吉川英治</span></span>：</span>“《三国演义》结构之宏伟与人物活动地域舞台之广大，世界古典小说均无与伦比。”</span> \n		</p>\n	</div>\n</div>\n<div id=\"extract\" class=\"section\" style=\"margin:0px;padding:10px 0px 0px;border:0px;color:#666666;font-family:\" background-color:#ffffff;\"=\"\">\n<div class=\"title\" style=\"margin:0px;padding:0px;\">\n	<span style=\"background:url(\" font-size:14px;line-height:22px;font-family:\"color:#323232;\"=\"\">免费在线读</span> \n</div>\n<div class=\"descrip\" style=\"margin:0px;padding:14px 20px;border:0px;color:#656565;font-size:14px;\">\n	<span id=\"extract-show\">词曰：<br />\n滚滚长江东逝水，浪花淘尽英雄。是非成败转头空。青山依旧在，几度夕阳红。<br />\n白发渔樵江渚上，惯看秋月春风。一壶浊酒喜相逢。古今多少事，都付笑谈中。[1]<br />\n<br />\n第一回 宴桃园豪杰三结义　斩黄巾英雄首立功<br />\n<br />\n话说天下大势，分久必合，合久必分。周末七国分争，并入于秦；及秦灭之后，楚、汉分争，又并入于汉；汉朝自高祖斩白蛇而起义，一统天下，后来光武中兴，传至献帝，遂分为三国。<br />\n推其治乱之由，殆始于桓、灵二帝。桓帝禁锢善类[2]，崇信宦官。及桓帝崩，灵帝即位，大将军窦武、太傅陈蕃共相辅佐。时有宦官曹节等弄权，窦武、陈蕃谋诛之，机事不密，反为所害，中涓[3]自此愈横。<br />\n建宁二年四月望日，帝御温德殿。方升座，殿角狂风骤起，只见一条大青蛇，从梁上飞将下来，蟠于椅上。帝惊倒，左右急救入宫，百官俱奔避。须臾，蛇不见了，忽然大雷大雨，加以冰雹，落到半夜方止，坏却房屋无数。建宁四年二月，洛阳地震；又海水泛溢，沿海居民尽被大浪卷入海中。光和元年，雌鸡化雄。六月朔，黑气十余丈，飞入温德殿中。秋七月，有虹现于玉堂，五原山岸尽皆崩裂。种种不祥，非止一端。<br />\n帝下诏，问群臣以灾异之由。议郎蔡邕上疏，以为蜺堕鸡化[4]，乃妇寺干政[5]之所致，言颇切直。帝览奏叹息，因起更衣。曹节在后窃视，悉宣告左右，遂以他事陷邕于罪，放归田里。后张让、赵忠、封谞、段珪、曹节、侯览、蹇硕、程旷、夏恽、郭胜十人朋比为奸，号为“十常侍”。帝尊信张让，呼为“阿父”。朝政日非，以致天下人心思乱，盗贼蜂起。<br />\n时钜鹿郡有兄弟三人，一名张角，一名张宝，一名张梁。那张角本是个不第秀才，因入山采药，遇一老人，碧眼童颜，手执藜杖，唤角至一洞中，以天书三卷授之，曰：“此名《太平要术》。汝得之，当代天宣化，普救世人；若萌异心，必获恶报。”角拜问姓名。老人曰：“吾乃南华老仙也。”言讫，化阵清风而去。角得此书，晓夜攻习，能呼风唤雨，号为“太平道人”。</span> \n</div>\n	</div>',NULL),(691239198878859264,'那不勒斯的萤火','group1/M00/00/00/wKgAkl5205GAF67WAAIW5fZBaF0285.jpg','灯塔巨作','<div id=\"abstract\" class=\"section\" style=\"margin:0px;padding:10px 0px 0px;border:0px;\">\n	<div class=\"descrip\" style=\"margin:0px;padding:14px 20px;border:0px;color:#656565;font-size:14px;\">\n		<p align=\"justify\">\n			<img src=\"http://img54.ddimg.cn/99999990003584934.jpg\" />\n		</p>\n&nbsp;\n	</div>\n</div>\n<div id=\"content\" class=\"section\" style=\"margin:0px;padding:10px 0px 0px;border:0px;\">\n	<div class=\"title\" style=\"margin:0px;padding:0px;\">\n		内容简介\n	</div>\n	<div class=\"descrip\" style=\"margin:0px;padding:14px 20px;border:0px;color:#656565;font-size:14px;\">\n		<br />\n<br />\n<br />\n在那不勒斯有这么一群人，他们代表着这片地区ZUI强大的生命力，却默默无闻，被这座城市的黑暗淹没，迷失在无为的生活里。也有那么一些人，他们无视绚丽的霓虹，在这片黑暗中追寻着希望的萤火。<br />\n马尔切罗是银行职员的儿子，性格乖顺温和，一次偶然，使他的人生与黑手党的儿子利奥有了交集。利奥桀骜、叛逆、无畏而又自由，他们彼此吸引着，一起度过了美好的童年。然而在利奥十六岁那年，父亲在一次追杀中丧命，利奥和马尔切罗也开始渐行渐远。马尔切罗逐渐成长为一个优秀的少年，利奥则开始了抢劫、贩毒的浑噩生活，仿佛在一步步沿着父亲的轨迹走下去。\n	</div>\n</div>\n<div id=\"authorIntroduction\" class=\"section\" style=\"margin:0px;padding:10px 0px 0px;border:0px;\">\n	<div class=\"title\" style=\"margin:0px;padding:0px;\">\n		作者简介\n	</div>\n	<div class=\"descrip\" style=\"margin:0px;padding:14px 20px;border:0px;color:#656565;font-size:14px;\">\n		<p align=\"justify\">\n			马西米利亚诺·威尔吉利奥，1979年出生于那不勒斯，是意大利知名的作家和编剧，已出版过多部作品。其文字干净大气，善于将故事创作与历史事件结合，直击人心。《那不勒斯的萤火》一书在意大利刚上市就以其极简风和历史小说的完美平衡得到国内外媒体的一致盛赞，威尔吉利奥也因此被誉为“那不勒斯ZUI好的作家”。\n		</p>\n	</div>\n</div>\n<div id=\"catalog\" class=\"section\" style=\"margin:0px;padding:10px 0px 0px;border:0px;\">\n	<div class=\"title\" style=\"margin:0px;padding:0px;\">\n		目　　录\n	</div>\n	<div class=\"descrip\" style=\"margin:0px;padding:14px 20px;border:0px;color:#656565;font-size:14px;\">\n		<p align=\"justify\">\n			序&nbsp;幕\n		</p>\n		<p align=\"justify\">\n			第一部分&nbsp;喊叫大厅（1984—1991）\n		</p>\n		<p align=\"justify\">\n			第二部分&nbsp;风是自由的（1992—1995）\n		</p>\n		<p align=\"justify\">\n			第三部分&nbsp;囚&nbsp;徒（2001—2010）\n		</p>\n		<p align=\"justify\">\n			第四部分&nbsp;我的名字叫爱德华多\n		</p>\n		<p align=\"justify\">\n			第五部分&nbsp;囚&nbsp;徒（2010—2014）\n		</p>\n		<p align=\"justify\">\n			第六部分&nbsp;最后的朋友（&nbsp;2014—……）\n		</p>\n		<p align=\"justify\">\n			尾&nbsp;声\n		</p>\n	</div>\n</div>\n<div id=\"mediaFeedback\" class=\"section\" style=\"margin:0px;padding:10px 0px 0px;border:0px;\">\n	<div class=\"title\" style=\"margin:0px;padding:0px;\">\n		媒体评论\n	</div>\n	<div class=\"descrip\" style=\"margin:0px;padding:14px 20px;border:0px;color:#656565;font-size:14px;\">\n		马尔切罗是银行职员的儿子，性格乖顺温和，一次偶然，使他的人生与黑手党的儿子利奥有了交集。利奥桀骜叛逆、自由坚韧、无所畏惧，两个截然不同却又彼此吸引的男孩一起度过了美好的童年。利奥十六岁那年，父亲在一次追杀中丧命，利奥开始了抢劫、贩毒的浑噩生活，与马尔切罗也渐行渐远。三年后利奥离开那不勒斯去往美国，并在那里娶妻生子，生活渐渐恢复正常。母亲去世的消息传来，利奥再次回到那不勒斯，并因为葬礼上的一场变故开始了长达十二年的囚徒生活，而此时的马尔切罗看似优秀风光的人生也是暗潮涌动……一个关于友情与亲情、迷失与成长的故事，一部充满力量的小说。<br />\n——意大利《晚邮报》<br />\n一个不是追杀别人就是被别人追杀的罪恶命运，要怎么拯救？一个看似美好风光却孤独脆弱不堪的人生，要怎么挽回？作者让那不勒斯成为故事的“原乡”，让“好孩子”马尔切罗和“坏小子”利奥的童年友谊成为故事的“原罪”，用他们三十年的跌宕人生做“金线”，继而编织起那不勒斯乃至整个意大利的历史变迁，从而让小说的体量变得无比恢宏。在这个残酷的世界里有黑手党、有穷人食堂、有勇敢的男人女人们，还有盛大的烟花，可谓做到了人物命运和历史格局的完美平衡。\n	</div>\n</div>\n<div id=\"extract\" class=\"section\" style=\"margin:0px;padding:10px 0px 0px;border:0px;\">\n	<div class=\"title\" style=\"margin:0px;padding:0px;\">\n		免费在线读\n	</div>\n	<div class=\"descrip\" style=\"margin:0px;padding:14px 20px;border:0px;color:#656565;font-size:14px;\">\n		序 幕<br />\n黑暗中，他拖着一具尸体走在河边，泥泞的石头小路荆棘丛生，血腥味像倒涌出瓶子的墨水般弥漫着。<br />\n如果把尸体扛在肩上，会更吃力，还会弄脏胳膊和脸。一次咬牙发力之后，他登上了一个小山丘，用手挽住尸体的脖子，慢慢地把它靠放在地上，像把婴儿放入摇篮中。<br />\n他四处张望，心跳剧烈。河水如同黑色的线条在移动着。<br />\n他握住铁锹，开始挖坑，手上的老茧很疼。每铲一次，土壤就越发潮湿松软，清新的泥土气息飘散出来。<br />\n他把尸体放进坑里，再小心翼翼地填平，一切又恢复了原样。他洗了手。向他讲述，你要活下去，向他讲述。他的脸上闪过一丝微笑。在那一瞬间，他蓝色的双眼粉碎了笼罩山谷的黑暗，像是一道闪电穿透了他的身体，像是一股能量从远方传来并传向更远的地方。他感到了快乐。<br />\n终于，轮到他完成了这个魔法：用埋葬去照亮剩下的世界。<br />\n<br />\n<br />\n在二〇一三年年末，皮奴西娅的来信，像是披上了华丽的外衣，透露着一种残酷的乐观，卡里姆从头到尾反复检查着那封信，充满疑惑，而利奥的日常思维也被彻底打乱了。<br />\n几个小时后，果然，当美国仔回到房车里盯着镜子看的时候，他已经认不出自己了。三十七岁。消瘦的脸庞，被漫长的冬天折磨而衰弱的身体，泛白的长发，被遗忘的胡须，暗淡无光的蓝色的眼睛。上一次他照镜子对自己满意是什么时候？在十二年的囚徒生活之后，曾经那个充满活力的爱说大话的小男孩，那个会在衬衣口袋里插一把梳子，会在头发上涂发胶发蜡的小男孩，如今则变成了一个没有个性的枯萎的野人。<br />\n他忍不住流下眼泪，克制着已经冲到了嗓子眼的想要喊叫的欲望，开始用拳头砸向房车的轧钢墙。<br />\n压倒他的，让他屈服的并不是那封信本身，甚至也不是能够参加婚礼的那种可能性，而是他那种艰苦的孤立状态遭到了入侵，遭到了疯狂的入侵，遭到了日常琐事的入侵——我需要有人陪着我走上圣坛……遭到了人心虚伪的入侵——我希望等到那一天的时候，你会在我们身边……遭到了世道变迁的入侵——我和相关的负责人聊过了……而那个相关负责人却不能够像曾经那样威胁到他妹妹，所有这些入侵都揭露了一个不可否认的事实：别人的生活都在前进，而他，三十七岁正值壮年的他，在时间的夹缝里与世隔绝了十二年，穷途末路。\n		<div class=\"section_show_more\" style=\"margin:0px;padding:15px 0px 0px;border:0px;text-align:right;\">\n		</div>\n	</div>\n</div>',NULL),(691240033792819200,'梅格时空大冒险','group1/M00/00/00/wKgAkl521NOAE5a_AAFZqyVytVw517.jpg','儿童文学科幻经典,纽伯瑞儿童文学金奖','<p style=\"color:#656565;font-family:&quot;font-size:14px;background-color:#FFFFFF;\">\n	<a href=\"http://product.dangdang.com/27925586.html\"><img src=\"http://img60.ddimg.cn/topic_img/gys_0014951/kt2_790_200.jpg\" /><img src=\"http://img58.ddimg.cn/99999990015529178.jpg\" /></a>\n</p>\n<p style=\"color:#656565;font-family:&quot;font-size:14px;background-color:#FFFFFF;\">\n	&nbsp;\n</p>\n<p style=\"color:#656565;font-family:&quot;font-size:14px;background-color:#FFFFFF;\">\n	<strong>◆</strong><strong>《梅格时空大冒险》是儿童文学史上家喻户晓、不可逾越的经典。</strong>\n</p>\n<p style=\"color:#656565;font-family:&quot;font-size:14px;background-color:#FFFFFF;\">\n	<strong>◆</strong>《梅格时空大冒险》（又名《时间的皱纹/时间的皱折 五部曲》）出版五十年来获奖无数——\n</p>\n<ol style=\"color:#656565;font-family:&quot;font-size:14px;background-color:#FFFFFF;\">\n	<li style=\"vertical-align:top;\">\n		<strong>纽伯瑞儿童文学金奖</strong>\n	</li>\n	<li style=\"vertical-align:top;\">\n		<strong>美国国家图书奖</strong>\n	</li>\n	<li style=\"vertical-align:top;\">\n		<strong>BBC</strong><strong>“100</strong><strong>年来10</strong><strong>本伟大童书”之一</strong>\n	</li>\n	<li style=\"vertical-align:top;\">\n		<strong>美国亚马逊“人生中要读的100</strong><strong>本书”27</strong><strong>名</strong>\n	</li>\n	<li style=\"vertical-align:top;\">\n		<strong>亲近母语六年级推荐阅读书目</strong>\n	</li>\n	<li style=\"vertical-align:top;\">\n		刘易斯·卡罗尔书架奖\n	</li>\n	<li style=\"vertical-align:top;\">\n		英格兰圆桌儿童文学荣誉证书\n	</li>\n	<li style=\"vertical-align:top;\">\n		美国“全国教师协会”青少年文学杰出贡献奖\n	</li>\n	<li style=\"vertical-align:top;\">\n		《父母》杂志“永不过时的100本童书”\n	</li>\n	<li style=\"vertical-align:top;\">\n		受美国孩子欢迎的100本童书\n	</li>\n	<li style=\"vertical-align:top;\">\n		入读美国高中前留学生必读的80本图书\n	</li>\n</ol>\n<p align=\"left\" style=\"color:#656565;font-family:&quot;font-size:14px;background-color:#FFFFFF;\">\n	◆“十佳英文儿童文学作家”（the 10 best authors of childrens literature）评选人认为：“《梅格时空大冒险》系列足以证明它们是儿童文学有史以来优秀作品之一。50年后的今天，它们仍然是不可或缺、鼓舞人心和匪夷所思的，我们爱它。”\n</p>\n<p style=\"color:#656565;font-family:&quot;font-size:14px;background-color:#FFFFFF;\">\n	<strong>◆</strong>作者马德琳·英格获世界<strong>奇幻文学协会终身成就奖、美国图书协会玛格丽特·</strong><strong>A</strong><strong>．爱德华终身成就奖</strong>、国际安徒生奖短名单，并获美国前总统小布什颁发的“国家人文科学奖章”。\n</p>\n<p align=\"left\" style=\"color:#656565;font-family:&quot;font-size:14px;background-color:#FFFFFF;\">\n	◆作者马德琳·英格与《爱丽丝梦游仙境》作者刘易斯·卡罗尔、《神奇校车》作者乔安娜·柯尔等被评为“改变历史的25个图书馆员”。\n</p>\n<p style=\"color:#656565;font-family:&quot;font-size:14px;background-color:#FFFFFF;\">\n	<strong>◆</strong>《梅格时空大冒险1：时间的折皱》（A WRINKLE IN TIME）在出版56年后，于2018年被迪士尼拍成同名电影。\n</p>',NULL),(691241179290796032,'福尔摩斯探案全集（全四册）','group1/M00/00/00/wKgAkl521dCAKqhUAADPfh-RRgs821.jpg','侦探,悬疑,推理,福尔摩斯','<div id=\"feature\" class=\"section\" style=\"margin:0px;padding:10px 0px 0px;border:0px;color:#666666;font-family:&quot;background-color:#FFFFFF;\">\n	<div class=\"descrip\" style=\"margin:0px;padding:14px 20px;border:0px;color:#656565;font-size:14px;\">\n		<p>\n			<img src=\"http://img56.ddimg.cn/99999990001900816.jpg\" />\n		</p>\n	</div>\n</div>\n<div id=\"abstract\" class=\"section\" style=\"margin:0px;padding:10px 0px 0px;border:0px;color:#666666;font-family:&quot;background-color:#FFFFFF;\">\n	<div class=\"title\" style=\"margin:0px;padding:0px;\">\n		<span style=\"background:url(&quot;font-size:14px;line-height:22px;font-family:&quot;color:#323232;\">编辑推荐</span>\n	</div>\n	<div class=\"descrip\" style=\"margin:0px;padding:14px 20px;border:0px;color:#656565;font-size:14px;\">\n		<span id=\"abstract-all\"></span>\n		<p>\n			1、【经典推理作品，青少年必读】\n		</p>\n		<div style=\"margin:0px;padding:0px;border:0px;\">\n			2、【培养逻辑推理能力和判断能力】\n		</div>\n		<div style=\"margin:0px;padding:0px;border:0px;\">\n			3、【精美封面，全新包装打造】\n		</div>\n		<div style=\"margin:0px;padding:0px;border:0px;\">\n			4、【读者超认可的权威译本】\n		</div>\n		<div style=\"margin:0px;padding:0px;border:0px;\">\n			&nbsp; &nbsp; &nbsp; 《福尔摩斯探案全集》因其独具匠心的布局、悬念迭起的情节、精妙独特的叙事手法和凝练优美的语言，让侦探小说步入世界文学的高雅殿堂，并成为一个独立的文学类别而备受世人赞誉。福尔摩斯更是成了名侦探的代名词，他与华生的搭档组合，以及“神探”的典型等，都对后世的侦探小说有着极其深远的影响。自20世纪80年代引入中国，至今印数超过了2000万册。神探与罪犯、正义与邪恶的对立，吸引着读者努力去寻求答案；而潜藏在表面现象之下的是更深层次的精神内核，几部大长篇均是如此，无不刺激着读者的感情，调动着读者的大脑，让读者欲罢不能。该套书的意义早已超出了时间的含义，至今仍然脍炙人口，畅销不衰。&nbsp;\n		</div>\n	</div>\n</div>\n<div id=\"content\" class=\"section\" style=\"margin:0px;padding:10px 0px 0px;border:0px;color:#666666;font-family:&quot;background-color:#FFFFFF;\">\n	<div class=\"title\" style=\"margin:0px;padding:0px;\">\n		<span style=\"background:url(&quot;font-size:14px;line-height:22px;font-family:&quot;color:#323232;\">内容简介</span>\n	</div>\n	<div class=\"descrip\" style=\"margin:0px;padding:14px 20px;border:0px;color:#656565;font-size:14px;\">\n		<span id=\"content-all\"></span>\n		<p>\n			&nbsp; &nbsp; &nbsp;《福尔摩斯探案全集》是英国作家阿瑟•柯南•道尔创作的一部长篇侦探小说，共有4部长篇及56个短篇。*部长篇《血字的研究》完成于1886年，隔年与其它作品合集出版于《比顿圣诞年刊》。被多次改编为电影与电视剧。《福尔摩斯探案全集》以侦探福尔摩斯与华生的经历为主线，引出了一件件耸人听闻的奇案。故事背景充分结合了英国当时政治、经济的情况，柯南•道尔的创作笔法和叙事角度也日益圆熟多变，许多人甚至以为真有其人其事。在本小说中，除了那些惊心动魄、耸人听闻的探案，更多的是表现人与人之间的嫉妒、猜疑、仇恨。丈夫谋杀妻子、叔父为财产毒死侄子、两个兄长杀死妹妹等等，这些罪行将人性的丑恶展现无遗。此外，福尔摩斯与华生为了正义却时而触犯法律，比如说为了盗取一封信件而潜入诈骗犯的住宅、因同情并放走了为爱人复仇，杀死法律制裁不了的两个凶犯的特雷根尼斯博士等等，也在一定程度上宣扬了人道主义的惩恶扬善的思想，迎合了广大公众的心理。\n		</p>\n	</div>\n</div>\n<div id=\"authorIntroduction\" class=\"section\" style=\"margin:0px;padding:10px 0px 0px;border:0px;color:#666666;font-family:&quot;background-color:#FFFFFF;\">\n	<div class=\"title\" style=\"margin:0px;padding:0px;\">\n		<span style=\"background:url(&quot;font-size:14px;line-height:22px;font-family:&quot;color:#323232;\">作者简介</span>\n	</div>\n	<div class=\"descrip\" style=\"margin:0px;padding:14px 20px;border:0px;color:#656565;font-size:14px;\">\n		<span id=\"authorIntroduction-all\"></span>\n		<p>\n			&nbsp; &nbsp; 阿瑟•柯南•道尔爵士（1859—1930），1859年生于苏格兰爱丁堡，曾入爱丁堡大学医学院就读，后定居伦敦。由于并不热衷医务，使他有许多空闲时间从事福尔摩斯探案的书写工作。第一篇成名作品《血色的研究》于1886年完成。1890年在《四签名》出版后，他放弃了医务专心写作。正是因为《福尔摩斯探案全集》的创作成就和巨大影响，它的作者阿瑟•柯南道尔成为侦探小说的一代宗师，在英国被公认为同莎士比亚、狄更斯比肩的人物。　　柯南•道尔一生多彩多姿且曲折离奇。他是个历史学家、捕鲸者、运动员、占地通讯记者及唯心论者。他曾亲自参与两件审判不公的案子，并运用他的侦探技巧证实那罪犯其实是清白的。1902年，柯南•道尔因在布尔战争中于南非野战医院的优异表现荣封爵士，逝于1930年。\n		</p>\n	</div>\n</div>\n<div id=\"mediaFeedback\" class=\"section\" style=\"margin:0px;padding:10px 0px 0px;border:0px;color:#666666;font-family:&quot;background-color:#FFFFFF;\">\n	<div class=\"title\" style=\"margin:0px;padding:0px;\">\n		<span style=\"background:url(&quot;font-size:14px;line-height:22px;font-family:&quot;color:#323232;\">媒体评论</span>\n	</div>\n	<div class=\"descrip\" style=\"margin:0px;padding:14px 20px;border:0px;color:#656565;font-size:14px;\">\n		<span id=\"mediaFeedback-all\"></span>\n		<p>\n			&nbsp; &nbsp; &nbsp;和柯南•道尔所写的《福尔摩斯探案全集》相比，没有任何侦探小说曾享有那么大的声誉。\n		</p>\n		<div style=\"margin:0px;padding:0px;border:0px;\">\n			&nbsp; &nbsp; &nbsp; &nbsp; &nbsp; &nbsp; &nbsp; &nbsp; &nbsp; &nbsp; &nbsp; &nbsp; &nbsp; &nbsp; &nbsp; &nbsp; &nbsp; &nbsp; &nbsp; &nbsp; &nbsp; &nbsp; &nbsp; &nbsp; &nbsp; &nbsp; &nbsp; &nbsp; &nbsp; &nbsp; &nbsp; &nbsp; &nbsp; &nbsp; &nbsp; &nbsp; &nbsp; &nbsp; &nbsp; &nbsp; &nbsp; &nbsp; &nbsp; &nbsp; &nbsp; &nbsp; &nbsp; &nbsp; &nbsp; &nbsp; &nbsp; &nbsp; &nbsp; &nbsp; &nbsp;——英国著名小说家 毛姆<br />\n&nbsp; &nbsp; &nbsp; &nbsp; 柯南•道尔爵士笔下的大侦探福尔摩斯是智慧的化身，罪犯的克星。我相信，福尔摩斯卓尔不群的侦探才华、超凡惊人的逻辑推理能力，对喜爱侦探推理文学的广大读者具有永恒的魅力！希望海内外广大读者从阅读福尔摩斯探案故事中汲取真正的智慧，养成缜密分析问题的科学头脑。 &nbsp; &nbsp; &nbsp; &nbsp; &nbsp; &nbsp; &nbsp; &nbsp; &nbsp; &nbsp; &nbsp; &nbsp; &nbsp; &nbsp; &nbsp; &nbsp; &nbsp; &nbsp; &nbsp; &nbsp; &nbsp; &nbsp; &nbsp; &nbsp; &nbsp; &nbsp; &nbsp; &nbsp; &nbsp; &nbsp; &nbsp; &nbsp; &nbsp; &nbsp; &nbsp; &nbsp; &nbsp; &nbsp; &nbsp; &nbsp; &nbsp; &nbsp; &nbsp; &nbsp; &nbsp; &nbsp; &nbsp; &nbsp; &nbsp; &nbsp; &nbsp; &nbsp; &nbsp; &nbsp; &nbsp; &nbsp; &nbsp; &nbsp; &nbsp; &nbsp; &nbsp; &nbsp; ——当代福尔摩斯、著名华裔神探李昌钰博士<br />\n&nbsp; &nbsp; &nbsp; &nbsp;2002年，距离小说中福尔摩斯复生的百年后，英国皇家化学协会授予了福尔摩斯荣誉院士的称号，表彰他在文学中对司法科学和分析化学的杰出运用。这个荣誉一般只给予诺贝尔奖获得者，和做出巨大贡献的学术人员与工业家。福尔摩斯是*一位被授予的虚拟人物。\n		</div>\n	</div>\n</div>\n<div id=\"extract\" class=\"section\" style=\"margin:0px;padding:10px 0px 0px;border:0px;color:#666666;font-family:&quot;background-color:#FFFFFF;\">\n	<div class=\"title\" style=\"margin:0px;padding:0px;\">\n	</div>\n</div>',NULL),(691575483355103232,'鬼吹灯上集（套装1-4册）','group1/M00/00/00/wKgAkl54DT6ARJ0KAAFShosuV10093.jpg','鬼吹灯,盗墓,摸金校尉,风水秘术','<div id=\"abstract\" class=\"section\" style=\"margin:0px;padding:10px 0px 0px;border:0px;color:#666666;font-family:&quot;background-color:#FFFFFF;\">\n	<div class=\"title\" style=\"margin:0px;padding:0px;\">\n		<span style=\"background:url(&quot;font-size:14px;line-height:22px;font-family:&quot;color:#323232;\">编辑推荐</span>\n	</div>\n	<div class=\"descrip\" style=\"margin:0px;padding:14px 20px;border:0px;color:#656565;font-size:14px;\">\n		<span id=\"abstract-all\"></span>\n		<p>\n			1. 正宗《鬼吹灯》，经典全八册，全新精校，重装上市！八个分册依次为：《鬼吹灯1精绝古城》《鬼吹灯2龙岭迷窟》《鬼吹灯3云南虫谷》《鬼吹灯4昆仑神宫》《鬼吹灯5黄皮子坟》《鬼吹灯6南海归墟》《鬼吹灯7怒晴湘西》《鬼吹灯8巫峡棺山》。\n		</p>\n		<p>\n			作为悬疑类题材殿堂级作品，鬼吹灯图书十年狂销逾千万册。\n		</p>\n		<p>\n			2.《鬼吹灯》是极具影响力的网络文学IP，拥有图书、影视、动漫、游戏、周边等跨链总流量，以及巨量粉丝群。根据本书改编的影视巨制有《九层妖塔》《寻龙诀》《精绝古城》《黄皮子坟》《怒晴湘西》《云南虫谷》等。\n		</p>\n		<p>\n			3. 新版图书收录更多原著内容，给您更多惊喜、更少遗憾。打破大部头畅销书字小、行密的一般现状，字号更大，排版舒朗，更省眼力，阅读体验舒适、流畅。\n		</p>\n		<p>\n			4. 内文采用欧洲高档进口书纸，散发天然杉木原浆香味，无毒无害不伤眼，如绸缎般平滑柔顺，可180度卷握，捧卷体验轻便、尊享、独特！\n		</p>\n		<p>\n			5. 随书附赠宝物臻享藏书票，扫码即享懒人听书VIP会员30天畅听权限！\n		</p>\n&nbsp;\n	</div>\n</div>\n<div id=\"content\" class=\"section\" style=\"margin:0px;padding:10px 0px 0px;border:0px;color:#666666;font-family:&quot;background-color:#FFFFFF;\">\n	<div class=\"title\" style=\"margin:0px;padding:0px;\">\n		<span style=\"background:url(&quot;font-size:14px;line-height:22px;font-family:&quot;color:#323232;\">内容简介</span>\n	</div>\n	<div class=\"descrip\" style=\"margin:0px;padding:14px 20px;border:0px;color:#656565;font-size:14px;\">\n		<span id=\"content-all\"></span>\n		<p>\n			全书以一本家传的秘书残卷为引，讲述胡八一、Shirley 杨、王胖子三人为解开部族消失的千古之谜，解读天下大山大川的脉搏，寻找一处处失落在大地深处的龙楼宝殿的故事。在他们的追寻下，历史的神秘面纱一层层被揭开……\n		</p>\n	</div>\n</div>\n<div id=\"authorIntroduction\" class=\"section\" style=\"margin:0px;padding:10px 0px 0px;border:0px;color:#666666;font-family:&quot;background-color:#FFFFFF;\">\n	<div class=\"title\" style=\"margin:0px;padding:0px;\">\n		<span style=\"background:url(&quot;font-size:14px;line-height:22px;font-family:&quot;color:#323232;\">作者简介</span>\n	</div>\n	<div class=\"descrip\" style=\"margin:0px;padding:14px 20px;border:0px;color:#656565;font-size:14px;\">\n		<span id=\"authorIntroduction-all\"></span>\n		<p>\n			天下霸唱\n		</p>\n		<p>\n			中国畅销书作家，代表作“鬼吹灯”系列开盗墓小说之先河，风靡华语世界。\n		</p>\n		<p>\n			天下霸唱的创作将东方神秘文化与世界流行文化元素融为一体，为探险、悬疑类小说打上了深深的中国烙印。其作品关注人在充满未知的环境中的思考与行动。古老的传承，神秘的遗迹，斑斓多姿的民间文化，兄弟间的情义，情侣间的默契，生死无常的极限体验，加之幽默、精练的文学语言和跌宕起伏的宏大叙事，使他的文字构建出另一处“江湖”。\n		</p>\n	</div>\n</div>\n<div id=\"catalog\" class=\"section\" style=\"margin:0px;padding:10px 0px 0px;border:0px;color:#666666;font-family:&quot;background-color:#FFFFFF;\">\n	<div class=\"title\" style=\"margin:0px;padding:0px;\">\n		<span style=\"background:url(&quot;font-size:14px;line-height:22px;font-family:&quot;color:#323232;\">目　　录</span>\n	</div>\n	<div class=\"descrip\" style=\"margin:0px;padding:14px 20px;border:0px;color:#656565;font-size:14px;\">\n		<span id=\"catalog-all\"></span>\n		<div style=\"margin:0px;padding:0px;border:0px;\">\n			《鬼吹灯1》\n		</div>\n		<div style=\"margin:0px;padding:0px;border:0px;\">\n			《鬼吹灯2》\n		</div>\n		<div style=\"margin:0px;padding:0px;border:0px;\">\n			《鬼吹灯3》\n		</div>\n		<div style=\"margin:0px;padding:0px;border:0px;\">\n			《鬼吹灯4》\n		</div>\n	</div>\n</div>',NULL),(691575926479126528,'鬼吹灯下集（套装5-8册）','group1/M00/00/00/wKgAkl54DZKAFeYNAADpJsaA-iw269.jpg','鬼吹灯,盗墓,摸金校尉,风水秘术','<div id=\"abstract\" class=\"section\" style=\"margin:0px;padding:10px 0px 0px;border:0px;color:#666666;font-family:&quot;background-color:#FFFFFF;\">\n	<div class=\"title\" style=\"margin:0px;padding:0px;\">\n		<span style=\"background:url(&quot;font-size:14px;line-height:22px;font-family:&quot;color:#323232;\">编辑推荐</span>\n	</div>\n	<div class=\"descrip\" style=\"margin:0px;padding:14px 20px;border:0px;color:#656565;font-size:14px;\">\n		<span id=\"abstract-all\"></span>\n		<p>\n			1. 正宗《鬼吹灯》，经典全八册，全新精校，重装上市！八个分册依次为：《鬼吹灯1精绝古城》《鬼吹灯2龙岭迷窟》《鬼吹灯3云南虫谷》《鬼吹灯4昆仑神宫》《鬼吹灯5黄皮子坟》《鬼吹灯6南海归墟》《鬼吹灯7怒晴湘西》《鬼吹灯8巫峡棺山》。\n		</p>\n		<p>\n			作为悬疑类题材殿堂级作品，鬼吹灯图书十年狂销逾千万册。\n		</p>\n		<p>\n			2.《鬼吹灯》是极具影响力的网络文学IP，拥有图书、影视、动漫、游戏、周边等跨链总流量，以及巨量粉丝群。根据本书改编的影视巨制有《九层妖塔》《寻龙诀》《精绝古城》《黄皮子坟》《怒晴湘西》《云南虫谷》等。\n		</p>\n		<p>\n			3. 新版图书收录更多原著内容，给您更多惊喜、更少遗憾。打破大部头畅销书字小、行密的一般现状，字号更大，排版舒朗，更省眼力，阅读体验舒适、流畅。\n		</p>\n		<p>\n			4. 内文采用欧洲高档进口书纸，散发天然杉木原浆香味，无毒无害不伤眼，如绸缎般平滑柔顺，可180度卷握，捧卷体验轻便、尊享、独特！\n		</p>\n		<p>\n			5. 随书附赠宝物臻享藏书票，扫码即享懒人听书VIP会员30天畅听权限！\n		</p>\n&nbsp;\n	</div>\n</div>\n<div id=\"content\" class=\"section\" style=\"margin:0px;padding:10px 0px 0px;border:0px;color:#666666;font-family:&quot;background-color:#FFFFFF;\">\n	<div class=\"title\" style=\"margin:0px;padding:0px;\">\n		<span style=\"background:url(&quot;font-size:14px;line-height:22px;font-family:&quot;color:#323232;\">内容简介</span>\n	</div>\n	<div class=\"descrip\" style=\"margin:0px;padding:14px 20px;border:0px;color:#656565;font-size:14px;\">\n		<span id=\"content-all\"></span>\n		<p>\n			全书以一本家传的秘书残卷为引，讲述胡八一、Shirley 杨、王胖子三人为解开部族消失的千古之谜，解读天下大山大川的脉搏，寻找一处处失落在大地深处的龙楼宝殿的故事。在他们的追寻下，历史的神秘面纱一层层被揭开……\n		</p>\n	</div>\n</div>\n<div id=\"authorIntroduction\" class=\"section\" style=\"margin:0px;padding:10px 0px 0px;border:0px;color:#666666;font-family:&quot;background-color:#FFFFFF;\">\n	<div class=\"title\" style=\"margin:0px;padding:0px;\">\n		<span style=\"background:url(&quot;font-size:14px;line-height:22px;font-family:&quot;color:#323232;\">作者简介</span>\n	</div>\n	<div class=\"descrip\" style=\"margin:0px;padding:14px 20px;border:0px;color:#656565;font-size:14px;\">\n		<span id=\"authorIntroduction-all\"></span>\n		<p>\n			天下霸唱\n		</p>\n		<p>\n			中国畅销书作家，代表作“鬼吹灯”系列开盗墓小说之先河，风靡华语世界。\n		</p>\n		<p>\n			天下霸唱的创作将东方神秘文化与世界流行文化元素融为一体，为探险、悬疑类小说打上了深深的中国烙印。其作品关注人在充满未知的环境中的思考与行动。古老的传承，神秘的遗迹，斑斓多姿的民间文化，兄弟间的情义，情侣间的默契，生死无常的极限体验，加之幽默、精练的文学语言和跌宕起伏的宏大叙事，使他的文字构建出另一处“江湖”。\n		</p>\n	</div>\n</div>\n<div id=\"catalog\" class=\"section\" style=\"margin:0px;padding:10px 0px 0px;border:0px;color:#666666;font-family:&quot;background-color:#FFFFFF;\">\n	<div class=\"title\" style=\"margin:0px;padding:0px;\">\n		<span style=\"background:url(&quot;font-size:14px;line-height:22px;font-family:&quot;color:#323232;\">目　　录</span>\n	</div>\n	<div class=\"descrip\" style=\"margin:0px;padding:14px 20px;border:0px;color:#656565;font-size:14px;\">\n		<span id=\"catalog-all\"></span>\n		<div style=\"margin:0px;padding:0px;border:0px;\">\n			《鬼吹灯5》\n		</div>\n		<div style=\"margin:0px;padding:0px;border:0px;\">\n			《鬼吹灯6》\n		</div>\n		<div style=\"margin:0px;padding:0px;border:0px;\">\n			《鬼吹灯7》\n		</div>\n		<div style=\"margin:0px;padding:0px;border:0px;\">\n			《鬼吹灯8》\n		</div>\n	</div>\n</div>\n<div id=\"mediaFeedback\" class=\"section\" style=\"margin:0px;padding:10px 0px 0px;border:0px;color:#666666;font-family:&quot;background-color:#FFFFFF;\">\n	<div class=\"title\" style=\"margin:0px;padding:0px;\">\n		<span style=\"background:url(&quot;font-size:14px;line-height:22px;font-family:&quot;color:#323232;\">媒体评论</span>\n	</div>\n	<div class=\"descrip\" style=\"margin:0px;padding:14px 20px;border:0px;color:#656565;font-size:14px;\">\n		<span id=\"mediaFeedback-all\"></span>\n		<p>\n			《鬼吹灯》丰富饱满的想象力，成为它*让人刮目相看的地方。\n		</p>\n		<p>\n			——美国《时代周刊》\n		</p>\n		<p>\n			&nbsp;\n		</p>\n		<p>\n			&nbsp;\n		</p>\n		<p>\n			《鬼吹灯》这部小说集盗墓、探险、惊悚、悬疑于一体，是此类题材的集大成者！\n		</p>\n		<p>\n			——书友 波澜动远心\n		</p>\n		<p>\n			&nbsp;\n		</p>\n		<p>\n			特别爱看靳东主演的网剧《鬼吹灯之精绝古城》和陈坤、黄渤主演的电影《寻龙诀》。之后买来原著，发现还是读《鬼吹灯》小说更过瘾！\n		</p>\n		<p>\n			——书友 只手摘星辰\n		</p>\n		<p>\n			&nbsp;\n		</p>\n		<p>\n			《鬼吹灯》的故事离我们日常生活很远，又似乎就在我们眼前。读来痴痴入梦，醒来已是梦断，只恨篇幅太短，再有八本多好！<br />\n&nbsp;&nbsp;&nbsp;&nbsp;&nbsp;&nbsp;&nbsp;&nbsp; &nbsp;&nbsp;&nbsp;&nbsp;&nbsp;&nbsp;&nbsp;&nbsp;&nbsp;&nbsp;&nbsp;&nbsp;&nbsp;&nbsp;&nbsp;&nbsp;&nbsp;&nbsp;&nbsp;&nbsp;&nbsp;&nbsp;&nbsp;&nbsp;&nbsp;&nbsp;&nbsp;&nbsp;&nbsp;&nbsp;&nbsp;&nbsp;&nbsp;&nbsp;&nbsp;&nbsp;&nbsp;&nbsp;&nbsp;——书友 老网虫库里\n		</p>\n		<p>\n			&nbsp;\n		</p>\n		<p>\n			&nbsp;\n		</p>\n		<p>\n			“盗墓小说开山之作”这个江湖地位，《鬼吹灯》当之无愧。\n		</p>\n		<p>\n			&nbsp;&nbsp;&nbsp;&nbsp;&nbsp;&nbsp;&nbsp;&nbsp;&nbsp;&nbsp;&nbsp;&nbsp;&nbsp;&nbsp;&nbsp;&nbsp;&nbsp;&nbsp;&nbsp;&nbsp;&nbsp;&nbsp;&nbsp;&nbsp;&nbsp;&nbsp;&nbsp;&nbsp;&nbsp;&nbsp;&nbsp;&nbsp;&nbsp;&nbsp;&nbsp;&nbsp;&nbsp;&nbsp;&nbsp;&nbsp;&nbsp;&nbsp;&nbsp;&nbsp;&nbsp;&nbsp;&nbsp;&nbsp; ——书友 摸金新青年\n		</p>\n	</div>\n</div>',NULL),(691577377095942144,'Java编程思想（第4版）','group1/M00/00/00/wKgAkl54DsuAfrS7AABPm_4SoUg353.jpg','java,编程思想,java编程思想,黑皮书','<div id=\"feature\" class=\"section\" style=\"margin:0px;padding:10px 0px 0px;border:0px;color:#666666;font-family:&quot;background-color:#FFFFFF;\">\n	<div class=\"descrip\" style=\"margin:0px;padding:14px 20px;border:0px;color:#656565;font-size:14px;\">\n		<p>\n			<img src=\"http://img58.ddimg.cn/99999990003858808.jpg\" />\n		</p>\n	</div>\n</div>\n<div id=\"content\" class=\"section\" style=\"margin:0px;padding:10px 0px 0px;border:0px;color:#666666;font-family:&quot;background-color:#FFFFFF;\">\n	<div class=\"title\" style=\"margin:0px;padding:0px;\">\n		<span style=\"background:url(&quot;font-size:14px;line-height:22px;font-family:&quot;color:#323232;\">内容简介</span>\n	</div>\n	<div class=\"descrip\" style=\"margin:0px;padding:14px 20px;border:0px;color:#656565;font-size:14px;\">\n		<span id=\"content-show-all\">\n		<p>\n			《计算机科学丛书：Java编程思想（第4版）》赢得了全球程序员的广泛赞誉，即使是晦涩的概念，在BruceEckel的文字亲和力和小而直接的编程 示例面前也会化解于无形。从Java的基础语法到高级特性（深入的面向对象概念、多线程、自动项目构建、单元测试和调试等），本书都能逐步指导你轻松掌 握。<br />\n从《计算机科学丛书：Java编程思想（第4版）》获得的各项大奖以及来自世界各地的读者评论中，不难看出这是一本经典之作。本书的作者 拥有多年教学经验，对C、C 以及Java语言都有独到、深入的见解，以通俗易懂及小而直接的示例解释了一个个晦涩抽象的概念。本书共22章，包括操作 符、控制执行流程、访问权限控制、复用类、多态、接口、通过异常处理错误、字符串、泛型、数组、容器深入研究、JavaI/O系统、枚举类型、并发以及图 形化用户界面等内容。这些丰富的内容，包含了Java语言基础语法以及高级特性，适合各个层次的Java程序员阅读，同时也是高等院校讲授面向对象程序设 计语言以及Java语言的好教材和参考书。<br />\n《计算机科学丛书：Java编程思想（第4版）》特点：<br />\n适合初学者与专业人员的经典的面向对象叙述方式，为更新的JavaSE5/6增加了新的示例和章节。<br />\n测验框架显示程序输出。<br />\n设计模式贯穿于众多示例中：适配器、桥接器、职责链、命令、装饰器、外观、工厂方法、享元、点名、数据传输对象、空对象、代理、单例、状态、策略、模板方法以及访问者。<br />\n为数据传输引入了XML，为用户界面引入了SWT和Flash。<br />\n重新撰写了有关并发的章节，有助于读者掌握线程的相关知识。<br />\n专门为第4版以及JavaSE5/6重写了700多个编译文件中的500多个程序。<br />\n支持网站包含了所有源代码、带注解的解决方案指南、网络日志以及多媒体学习资料。<br />\n覆盖了所有基础知识，同时论述了高级特性。<br />\n详细地阐述了面向对象原理。<br />\n在线可获得Java讲座CD，其中包含BruceEckel的全部多媒体讲座。<br />\n在网站上可以观看现场讲座、咨询和评论。<br />\n专门为第4版以及JavaSE5/6重写了700多个编译文件中的500多个程序。<br />\n支持网站包含了所有源代码、带注解的解决方案指南、网络日志以及多媒体学习资料。<br />\n覆盖了所有基础知识，同时论述了高级特性。<br />\n详细地阐述了面向对象原理。\n		</p>\n</span>\n	</div>\n</div>\n<div id=\"authorIntroduction\" class=\"section\" style=\"margin:0px;padding:10px 0px 0px;border:0px;color:#666666;font-family:&quot;background-color:#FFFFFF;\">\n	<div class=\"title\" style=\"margin:0px;padding:0px;\">\n		<span style=\"background:url(&quot;font-size:14px;line-height:22px;font-family:&quot;color:#323232;\">作者简介</span>\n	</div>\n	<div class=\"descrip\" style=\"margin:0px;padding:14px 20px;border:0px;color:#656565;font-size:14px;\">\n		<span id=\"authorIntroduction-all\"></span>\n		<p>\n			<strong>Bruce Eckel，</strong>是MindView公司的总裁，该公司向客户提供软件咨询和培训。他是C 标准委员会拥有表决权的成员之一，拥有应用物理学学士和计算机工程硕士学位。除本书外，他还是《C 编程思想》的作者，并与人合著了《C 编程思想第2卷》。\n		</p>\n	</div>\n</div>\n<div id=\"catalog\" class=\"section\" style=\"margin:0px;padding:10px 0px 0px;border:0px;color:#666666;font-family:&quot;background-color:#FFFFFF;\">\n	<div class=\"title\" style=\"margin:0px;padding:0px;\">\n		<span style=\"background:url(&quot;font-size:14px;line-height:22px;font-family:&quot;color:#323232;\">目　　录</span>\n	</div>\n	<div class=\"descrip\" style=\"margin:0px;padding:14px 20px;border:0px;color:#656565;font-size:14px;\">\n		<span id=\"catalog-show-all\">\n		<p>\n			读者评论<br />\n前言<br />\n简介<br />\n第1章 对象导论<br />\n1.1 抽象过程<br />\n1.2 每个对象都有一个接口<br />\n1.3 每个对象都提供服务<br />\n1.4 被隐藏的具体实现<br />\n1.5 复用具体实现<br />\n1.6 继承<br />\n1.6.1 “是一个”（is-a）与“像是一个”（is-like-a）关系<br />\n1.7 伴随多态的可互换对象<br />\n1.8 单根继承结构<br />\n1.9 容器<br />\n1.9.1 参数化类型（范型）<br />\n1.10 对象的创建和生命期<br />\n1.11 异常处理：处理错误<br />\n1.12 并发编程<br />\n1.13 Java与Internet<br />\n1.13.1 Web是什么<br />\n1.13.2 客户端编程<br />\n1.13.3 服务器端编程<br />\n1.22 总结<br />\n<br />\n第2章 一切都是对象<br />\n2.1 用引用操纵对象<br />\n2.2 必须由你创建所有对象<br />\n2.2.1 存储到什么地方<br />\n2.2.2 特例：基本类型<br />\n2.2.3 Java中的数组<br />\n2.3 永远不需要销毁对象<br />\n2.3.1 作用域<br />\n2.3.2 对象的作用域<br />\n2.4 创建新的数据类型：类<br />\n2.4.1 域和方法<br />\n2.4.2 基本成员默认值<br />\n2.5 方法、参数和返回值<br />\n2.5.1 参数列表<br />\n2.6 构建一个Java程序<br />\n2.6.1 名字可见性<br />\n2.6.2 运用其他构件<br />\n2.6.3 static 关键字<br />\n2.7 你的第一个Java程序<br />\n编译和运行<br />\n2.8 注释和嵌入式文档<br />\n2.8.1 注释文档<br />\n2.8.2 语法<br />\n2.8.3 嵌入式HTML<br />\n2.8.4 一些标签示例<br />\n2.8.5 文档示例<br />\n2.9 编码风格<br />\n2.10 总结<br />\n2.11 练习<br />\n<br />\n第3章 操作符<br />\n3.1 更简单的打印语句<br />\n3.2 使用Java操作符<br />\n3.3 优先级<br />\n3.4 赋值<br />\n3.4.1 方法调用中的别名问题<br />\n3.5 算术操作符<br />\n3.5.1 一元加、减操作符<br />\n3.6 自动递增和递减<br />\n3.7 关系操作符<br />\n3.7.1 测试对象的等价性<br />\n3.8 逻辑操作符<br />\n3.8.1 短路<br />\n3.9 直接常量<br />\n3.9.1 指数记数法<br />\n3.10 按位操作符<br />\n3.11 移位操作符<br />\n3.12 三元操作符 if-else<br />\n3.13 字符串操作符 和 =<br />\n3.14 使用操作符时常犯的错误<br />\n3.15 类型转换操作符<br />\n3.15.1 截尾和舍入<br />\n3.15.2 提升<br />\n3.16 Java没有“sizeof”<br />\n3.17 操作符小结<br />\n3.18 总结<br />\n<br />\n......<br />\n第4章 控制执行流程<br />\n第5章 初始化与清理<br />\n第6章 访问权限控制<br />\n第7章 复用类<br />\n第8章 多态<br />\n第9章 接口<br />\n第10章 内部类<br />\n第11章 持有对象<br />\n第12章 通过异常处理错误<br />\n第13章 字符串<br />\n第14章 类型信息<br />\n第15章 泛型<br />\n第16章 数组<br />\n第17章 容器深入研究<br />\n第18章 Java I/O系统<br />\n第19章 枚举类型<br />\n第20章 注解<br />\n第21章 并发<br />\n第22章 图形化用户界面<br />\n附录A 补充材料<br />\n可下载的补充材料<br />\nThinking in C：Java的基础<br />\nJava编程思想 研讨课<br />\nHands-on Java研讨课CD<br />\nThinking in Objects研讨课<br />\nThinking in Enterprise Java<br />\nThinking in Patterns(with Java)<br />\nThinking in Patterns研讨课<br />\n设计咨询与复审<br />\n附录B 资源<br />\n软件<br />\n编辑器与IDE<br />\n书籍<br />\n分析与设计<br />\nPython<br />\n我的著作列表<br />\n索引\n		</p>\n</span>\n	</div>\n</div>\n<div id=\"preface\" class=\"section\" style=\"margin:0px;padding:10px 0px 0px;border:0px;color:#666666;font-family:&quot;background-color:#FFFFFF;\">\n	<div class=\"title\" style=\"margin:0px;padding:0px;\">\n		<span style=\"background:url(&quot;font-size:14px;line-height:22px;font-family:&quot;color:#323232;\">前　　言</span>\n	</div>\n	<div class=\"descrip\" style=\"margin:0px;padding:14px 20px;border:0px;color:#656565;font-size:14px;\">\n		<span id=\"preface-show-all\">\n		<p>\n			时隔两年多，《Java编程思想（第4版）》的中文版又要和广大Java程序员和爱好者们见面了。这是Java语言本身不断发展和完善的必然要求，也是本书作者BruceEckel孜孜不倦的创作激情和灵感所结出的硕果。<br />\n《Java编程思想（第4版）》以Java最新的版本JDK5.0为基础，在第3版的基础上，添加了最新的语言特性，并且对第3版的结构进行了调整，使 得所有章节的安排更加遵照循序渐进的特点，同时每一章的内容在分量上也都更加均衡，这使读者能够更加容易地阅读本书并充分了解每章所讲述的内容。在这里我 们再次向BruceEckel致敬，他不但向我们展示了什么样的书籍才是经典书籍，而且还展示了经典书籍怎样才能精益求精，长盛不衰。<br />\nJava已经成为了编程语言的骄子。我们可以看到，越来越多的大学在教授数据结构、程序设计和算法分析等课程时，选择以Java语言为载体。这说明 Java语言已经是人们构建软件系统时主要使用的一种编程语言。但是，掌握好Java语言并不是一件可以轻松完成的任务，如何真正掌握Java语言，从而 编写出健壮的、高效的以及灵活的程序是Java程序员们面临的重大挑战。<br />\n《Java编程思想（第4版）》就是一本能够让Java程序员轻松面 对这一挑战，并最终取得胜利的经典书籍。本书深入浅出、循序渐进地把我们领入Java的世界，让我们在不知不觉中就学会了用Java的思想去考虑问题、解 决问题。本书不仅适合Java的初学者，更适合于有经验的Java程序员，这正是本书的魅力所在。但是，书中并没有涵盖Java所有的类、接口和方法，因 此，如果你希望将它当作Java的字典来使用，那么显然就要失望了。<br />\n我们在翻译本书的过程中力求忠于原著，为了保持连贯性，对原书第3版中仍然保持不变的部分，我们对译文除了个别地方之外，也没做修改。对于本书中出现的大量的专业术语尽量遵循标准的译法，并在有可能引起歧义之处注有英文原文，以方便读者对照与理解。<br />\n全书由陈昊鹏翻译，郭嘉也参与了部分翻译工作。由于水平有限，书中出现错误与不妥之处在所难免，恳请读者批评指正。\n		</p>\n</span>\n	</div>\n</div>',NULL),(691578270403002368,'深入理解Java虚拟机：JVM高级特性与最佳实践（第2版）','group1/M00/00/01/wKgAkl54D4aAFAGvAADSM7lSC_o622.jpg','java虚拟机,虚拟机','<div id=\"content\" class=\"section\" style=\"margin:0px;padding:10px 0px 0px;border:0px;color:#666666;font-family:&quot;background-color:#FFFFFF;\">\n	<div class=\"descrip\" style=\"margin:0px;padding:14px 20px;border:0px;color:#656565;font-size:14px;\">\n		<div id=\"content\" class=\"section\" style=\"margin:0px;padding:10px 0px 0px;border:0px;color:#666666;font-family:&quot;background-color:#FFFFFF;\">\n			<div class=\"descrip\" style=\"margin:0px;padding:14px 20px;border:0px;color:#656565;font-size:14px;\">\n				<span id=\"content-show-all\">\n				<p>\n					本书第1版两年内印刷近10次，4家网上书店的评论近4?000条，98%以上的评论全部为5星级的好评，是整个Java图书领域公认的经典著作和超级畅销书，繁体版在台湾也十分受欢迎。第2版在第1版的基础上做了很大的改进：根据*的JDK1.7对全书内容进行了全面的升级和补充；增加了大量处理各种常见JVM问题的技巧和*实践；增加了若干与生产环境相结合的实战案例；对第1版中的错误和不足之处的修正；等等。第2版不仅技术更新、内容更丰富，而且实战性更强。<br />\n全书共分为五大部分，围绕内存管理、执行子系统、程序编译与优化、高效并发等核心主题对JVM进行了全面而深入的分析，深刻揭示了JVM的工作原理。*部分从宏观的角度介绍了整个Java技术体系、Java和JVM的发展历程、模块化，以及JDK的编译，这对理解本书后面内容有重要帮助。第二部分讲解了JVM的自动内存管理，包括虚拟机内存区域的划分原理以及各种内存溢出异常产生的原因；常见的垃圾收集算法以及垃圾收集器的特点和工作原理；常见虚拟机监控与故障处理工具的原理和使用方法。第三部分分析了虚拟机的执行子系统，包括类文件结构、虚拟机类加载机制、虚拟机字节码执行引擎。第四部分讲解了程序的编译与代码的优化，阐述了泛型、自动装箱拆箱、条件编译等语法糖的原理；讲解了虚拟机的热点探测方法、HotSpot的即时编译器、编译触发条件，以及如何从虚拟机外部观察和分析JIT编译的数据和结果；第五部分探讨了Java实现高效并发的原理，包括JVM内存模型的结构和操作；原子性、可见性和有序性在Java内存模型中的体现；先行发生原则的规则和使用；线程在Java语言中的实现原理；虚拟机实现高效并发所做的一系列锁优化措施。\n				</p>\n</span>\n			</div>\n		</div>\n		<div id=\"authorIntroduction\" class=\"section\" style=\"margin:0px;padding:10px 0px 0px;border:0px;color:#666666;font-family:&quot;background-color:#FFFFFF;\">\n			<div class=\"title\" style=\"margin:0px;padding:0px;\">\n				<span style=\"background:url(&quot;font-size:14px;line-height:22px;font-family:&quot;color:#323232;\">作者简介</span>\n			</div>\n			<div class=\"descrip\" style=\"margin:0px;padding:14px 20px;border:0px;color:#656565;font-size:14px;\">\n				<span id=\"authorIntroduction-all\"></span>\n				<div style=\"margin:0px;padding:0px;border:0px;\">\n					周志明&nbsp;\n				</div>\n				<div style=\"margin:0px;padding:0px;border:0px;\">\n					资深Java技术专家，对JavaEE企业级应用开发、OSGi、Java虚拟机和工作流等都有深入的研究，并在大量的实践中积累了丰富的经验。尤其精通Java虚拟机，撰写了大量与JVM相关的经典文章，被各大技术社区争相转载，是ITeye等技术社区公认的Java虚拟机方面的领袖人物之一。除本书外，还著有经典著作《深入理解OSGi：Equinox原理、应用与最佳实践》，广获读者好评。现任远光软件股份有限公司开发部总经理兼架构师，先后参与过国家电网、南方电网等多个国家级大型ERP项目的平台架构工作，对软件系统架构也有深刻的认识和体会。\n				</div>\n			</div>\n		</div>\n		<div id=\"catalog\" class=\"section\" style=\"margin:0px;padding:10px 0px 0px;border:0px;color:#666666;font-family:&quot;background-color:#FFFFFF;\">\n			<div class=\"title\" style=\"margin:0px;padding:0px;\">\n				<span style=\"background:url(&quot;font-size:14px;line-height:22px;font-family:&quot;color:#323232;\">目　　录</span>\n			</div>\n			<p>\n				<span id=\"catalog-show-all\">\n				<p>\n					前言<br />\n第一部分　走近Java<br />\n第1章　走近Java<br />\n1.1　概述<br />\n1.2　Java技术体系<br />\n1.3　Java发展史<br />\n1.4　Java虚拟机发展史<br />\n1.4.1　Sun Classic Exact VM<br />\n1.4.2　Sun HotSpot VM<br />\n1.4.3　Sun Mobile-Embedded VM Meta-Circular VM<br />\n1.4.4　BEA JRockit IBM J9 VM<br />\n1.4.5　Azul VM BEA Liquid VM<br />\n1.4.6　Apache Harmony Google Android Dalvik VM<br />\n1.4.7　Microsoft JVM及其他<br />\n1.5　展望Java技术的未来<br />\n1.5.1　模块化<br />\n1.5.2　混合语言<br />\n1.5.3　多核并行<br />\n1.5.4　进一步丰富语法<br />\n1.5.5　64位虚拟机<br />\n1.6　实战：自己编译JDK<br />\n1.6.1　获取JDK源码<br />\n1.6.2　系统需求<br />\n1.6.3　构建编译环境<br />\n1.6.4　进行编译<br />\n1.6.5　在IDE工具中进行源码调试<br />\n1.7　本章小结<br />\n第二部分　自动内存管理机制<br />\n第2章　Java内存区域与内存溢出异常<br />\n2.1　概述<br />\n2.2　运行时数据区域<br />\n2.2.1　程序计数器<br />\n2.2.2　Java虚拟机栈<br />\n2.2.3　本地方法栈<br />\n2.2.4　Java堆<br />\n2.2.5　方法区<br />\n2.2.6　运行时常量池<br />\n2.2.7　直接内存<br />\n2.3　HotSpot虚拟机对象探秘<br />\n2.3.1　对象的创建<br />\n2.3.2　对象的内存布局<br />\n2.3.3　对象的访问定位<br />\n2.4　实战：OutOfMemoryError异常<br />\n2.4.1　Java堆溢出<br />\n2.4.2　虚拟机栈和本地方法栈溢出<br />\n2.4.3　方法区和运行时常量池溢出<br />\n2.4.4　本机直接内存溢出<br />\n2.5　本章小结<br />\n第3章　垃圾收集器与内存分配策略<br />\n3.1　概述<br />\n3.2　对象已死吗<br />\n3.2.1　引用计数算法<br />\n3.2.2　可达性分析算法<br />\n3.2.3　再谈引用<br />\n3.2.4　生存还是死亡<br />\n3.2.5　回收方法区<br />\n3.3　垃圾收集算法<br />\n3.3.1　标记-清除算法<br />\n3.3.2　复制算法<br />\n3.3.3　标记-整理算法<br />\n3.3.4　分代收集算法<br />\n3.4　HotSpot的算法实现<br />\n3.4.1　枚举根节点<br />\n3.4.2　安全点<br />\n3.4.3　安全区域<br />\n3.5　垃圾收集器<br />\n3.5.1　Serial收集器<br />\n3.5.2　ParNew收集器<br />\n3.5.3　Parallel Scavenge收集器<br />\n3.5.4　Serial Old收集器<br />\n3.5.5　Parallel Old收集器<br />\n3.5.6　CMS收集器<br />\n3.5.7　G1收集器<br />\n3.5.8　理解GC日志<br />\n3.5.9　垃圾收集器参数总结<br />\n3.6　内存分配与回收策略<br />\n3.6.1　对象优先在Eden分配<br />\n3.6.2　大对象直接进入老年代<br />\n3.6.3　长期存活的对象将进入老年代<br />\n3.6.4　动态对象年龄判定<br />\n3.6.5　空间分配担保<br />\n3.7　本章小结<br />\n第4章　虚拟机性能监控与故障处理工具<br />\n4.1　概述<br />\n4.2　JDK的命令行工具<br />\n4.2.1　jps：虚拟机进程状况工具<br />\n4.2.2　jstat：虚拟机统计信息监视工具<br />\n4.2.3　jinfo：Java配置信息工具<br />\n4.2.4　jmap：Java内存映像工具<br />\n4.2.5　jhat：虚拟机堆转储快照分析工具<br />\n4.2.6　jstack：Java堆栈跟踪工具<br />\n4.2.7　HSDIS：JIT生成代码反汇编<br />\n4.3　JDK的可视化工具<br />\n4.3.1　JConsole：Java监视与管理控制台<br />\n4.3.2　VisualVM：多合一故障处理工具<br />\n4.4　本章小结<br />\n第5章　调优案例分析与实战<br />\n5.1　概述<br />\n5.2　案例分析<br />\n5.2.1　高性能硬件上的程序部署策略<br />\n5.2.2　集群间同步导致的内存溢出<br />\n5.2.3　堆外内存导致的溢出错误<br />\n5.2.4　外部命令导致系统缓慢<br />\n5.2.5　服务器JVM进程崩溃<br />\n5.2.6　不恰当数据结构导致内存占用过大<br />\n5.2.7　由Windows虚拟内存导致的长时间停顿<br />\n5.3　实战：Eclipse运行速度调优<br />\n5.3.1　调优前的程序运行状态<br />\n5.3.2　升级JDK 1.6的性能变化及兼容问题<br />\n5.3.3　编译时间和类加载时间的优化<br />\n5.3.4　调整内存设置控制垃圾收集频率<br />\n5.3.5　选择收集器降低延迟<br />\n5.4　本章小结<br />\n第三部分　虚拟机执行子系统<br />\n第6章　类文件结构<br />\n6.1　概述<br />\n6.2　无关性的基石<br />\n6.3　Class类文件的结构<br />\n6.3.1　魔数与Class文件的版本<br />\n6.3.2　常量池<br />\n6.3.3　访问标志<br />\n6.3.4　类索引、父类索引与接口索引集合<br />\n6.3.5　字段表集合<br />\n6.3.6　方法表集合<br />\n6.3.7　属性表集合<br />\n6.4　字节码指令简介<br />\n6.4.1　字节码与数据类型<br />\n6.4.2　加载和存储指令<br />\n6.4.3　运算指令<br />\n6.4.4　类型转换指令<br />\n6.4.5　对象创建与访问指令<br />\n6.4.6　操作数栈管理指令<br />\n6.4.7　控制转移指令<br />\n6.4.8　方法调用和返回指令<br />\n6.4.9　异常处理指令<br />\n6.4.10　同步指令<br />\n6.5　公有设计和私有实现<br />\n6.6　Class文件结构的发展<br />\n6.7　本章小结<br />\n第7章　虚拟机类加载机制<br />\n7.1　概述<br />\n7.2　类加载的时机<br />\n7.3　类加载的过程<br />\n7.3.1　加载<br />\n7.3.2　验证<br />\n7.3.3　准备<br />\n7.3.4　解析<br />\n7.3.5　初始化<br />\n7.4　类加载器<br />\n7.4.1　类与类加载器<br />\n7.4.2　双亲委派模型<br />\n7.4.3　破坏双亲委派模型<br />\n7.5　本章小结<br />\n第8章　虚拟机字节码执行引擎<br />\n8.1　概述<br />\n8.2　运行时栈帧结构<br />\n8.2.1　局部变量表<br />\n8.2.2　操作数栈<br />\n8.2.3　动态连接<br />\n8.2.4　方法返回地址<br />\n8.2.5　附加信息<br />\n8.3　方法调用<br />\n8.3.1　解析<br />\n8.3.2　分派<br />\n8.3.3　动态类型语言支持<br />\n8.4　基于栈的字节码解释执行引擎<br />\n8.4.1　解释执行<br />\n8.4.2　基于栈的指令集与基于寄存器的指令集<br />\n8.4.3　基于栈的解释器执行过程<br />\n8.5　本章小结<br />\n第9章　类加载及执行子系统的案例与实战<br />\n9.1　概述<br />\n9.2　案例分析<br />\n9.2.1　Tomcat：正统的类加载器架构<br />\n9.2.2　OSGi：灵活的类加载器架构<br />\n9.2.3　字节码生成技术与动态代理的实现<br />\n9.2.4　Retrotranslator：跨越JDK版本<br />\n9.3　实战：自己动手实现远程执行功能<br />\n9.3.1　目标<br />\n9.3.2　思路<br />\n9.3.3　实现<br />\n9.3.4　验证<br />\n9.4　本章小结<br />\n第四部分　程序编译与代码优化<br />\n第10章　早期（编译期）优化<br />\n10.1　概述<br />\n10.2　Javac编译器<br />\n10.2.1　Javac的源码与调试<br />\n10.2.2　解析与填充符号表<br />\n10.2.3　注解处理器<br />\n10.2.4　语义分析与字节码生成<br />\n10.3　Java语法糖的味道<br />\n10.3.1　泛型与类型擦除<br />\n10.3.2　自动装箱、拆箱与遍历循环<br />\n10.3.3　条件编译<br />\n10.4　实战：插入式注解处理器<br />\n10.4.1　实战目标<br />\n10.4.2　代码实现<br />\n10.4.3　运行与测试<br />\n10.4.4　其他应用案例<br />\n10.5　本章小结<br />\n第11章　晚期（运行期）优化<br />\n11.1　概述<br />\n11.2　HotSpot虚拟机内的即时编译器<br />\n11.2.1　解释器与编译器<br />\n11.2.2　编译对象与触发条件<br />\n11.2.3　编译过程<br />\n11.2.4　查看及分析即时编译结果<br />\n11.3　编译优化技术<br />\n11.3.1　优化技术概览<br />\n11.3.2　公共子表达式消除<br />\n11.3.3　数组边界检查消除<br />\n11.3.4　方法内联<br />\n11.3.5　逃逸分析<br />\n11.4　Java与CC 的编译器对比<br />\n11.5　本章小结<br />\n第五部分　高效并发<br />\n第12章　Java内存模型与线程<br />\n12.1　概述<br />\n12.2　硬件的效率与一致性<br />\n12.3　Java内存模型<br />\n12.3.1　主内存与工作内存<br />\n12.3.2　内存间交互操作<br />\n12.3.3　对于volatile型变量的特殊规则<br />\n12.3.4　对于long和double型变量的特殊规则<br />\n12.3.5　原子性、可见性与有序性<br />\n12.3.6　先行发生原则<br />\n12.4　Java与线程<br />\n12.4.1　线程的实现<br />\n12.4.2　Java线程调度<br />\n12.4.3　状态转换<br />\n12.5　本章小结<br />\n第13章　线程安全与锁优化<br />\n13.1　概述<br />\n13.2　线程安全<br />\n13.2.1　Java语言中的线程安全<br />\n13.2.2　线程安全的实现方法<br />\n13.3　锁优化<br />\n13.3.1　自旋锁与自适应自旋<br />\n13.3.2　锁消除<br />\n13.3.3　锁粗化<br />\n13.3.4　轻量级锁<br />\n13.3.5　偏向锁<br />\n13.4　本章小结<br />\n附　　录<br />\n附录A　编译Windows版的OpenJDK<br />\n附录B　虚拟机字节码指令表<br />\n附录C　HotSpot虚拟机主要参数表<br />\n附录D　对象查询语言（OQL）简介<br />\n附录E　JDK历史版本轨迹\n				</p>\n				<p>\n					前　　言\n				</p>\n</span>\n			</p>\n		</div>\n		<div id=\"preface\" class=\"section\" style=\"margin:0px;padding:10px 0px 0px;border:0px;color:#666666;font-family:&quot;background-color:#FFFFFF;\">\n			<div class=\"descrip\" style=\"margin:0px;padding:14px 20px;border:0px;color:#656565;font-size:14px;\">\n				<span id=\"preface-show-all\">\n				<p>\n					Java是目前用户最多、使用范围最广的软件开发技术之一。Java的技术体系主要由支撑Java程序运行的虚拟机、提供各开发领域接口支持的JavaAPI、Java编程语言及许多第三方Java框架（如Spring、Struts等）构成。在国内，有关JavaAPI、Java语言语法及第三方框架的技术资料和书籍非常丰富，相比之下，有关Java虚拟机的资料却显得异常贫乏。<br />\n这种状况在很大程度上是由Java开发技术本身的一个重要优点导致的：在虚拟机层面隐藏了底层技术的复杂性以及机器与操作系统的差异性。运行程序的物理机器的情况千差万别，而Java虚拟机则在千差万别的物理机上建立了统一的运行平台，实现了在任意一台虚拟机上编译的程序都能在任何一台虚拟机上正常运行。这一极大优势使得Java应用的开发比传统C/C 应用的开发更高效和快捷，程序员可以把主要精力集中在具体业务逻辑上，而不是物理硬件的兼容性上。在一般情况下，一个程序员只要了解了必要的JavaAPI、Java语法，以及学习适当的第三方开发框架，就已经基本能满足日常开发的需要了，虚拟机会在用户不知不觉中完成对硬件平台的兼容及对内存等资源的管理工作。因此，了解虚拟机的运作并不是一般开发人员必须掌握的知识。<br />\n然而，凡事都具备两面性。随着Java技术的不断发展，它被应用于越来越多的领域之中。其中一些领域，如电力、金融、通信等，对程序的性能、稳定性和可扩展性方面都有极高的要求。程序很可能在10个人同时使用时完全正常，但是在10?000个人同时使用时就会缓慢、死锁，甚至崩溃。毫无疑问，要满足10?000个人同时使用需要更高性能的物理硬件，但是在绝大多数情况下，提升硬件效能无法等比例地提升程序的运作性能和并发能力，甚至可能对程序运作状况完全没有任何改善。这里面有Java虚拟机的原因：为了达到给所有硬件提供一致的虚拟平台的目的，牺牲了一些与硬件相关的性能特性。更重要的是人为原因：如果开发人员不了解虚拟机一些技术特性的运行原理，就无法写出最适合虚拟机运行和自优化的代码。<br />\n其实，目前商用的高性能Java虚拟机都提供了相当多的优化特性和调节手段，用于满足应用程序在实际生产环境中对性能和稳定性的要求。如果只是为了入门学习，让程序在自己的机器上正常运行，那么这些特性可以说是可有可无的；如果用于生产开发，尤其是企业级生产开发，就迫切需要开发人员中至少有一部分人对虚拟机的特性及调节方法具有很清晰的认识，所以在Java开发体系中，对架构师、系统调优师、高级程序员等角色的需求一直都非常大。学习虚拟机中各种自动运作特性的原理也成为了Java程序员成长道路上必然会接触到的一课。本书可以使读者以一种相对轻松的方式学习虚拟机的运作原理，对Java程序员的成长也有较大的帮助。<br />\n第2版与第1版的区别<br />\nJDK 1.7在2011年7月28日正式发布，相对于2006年发布的JDK1.6，新版的JDK有了许多新的特性和改进。本书的第2版也相应地进行了修改和升级，把讲解的技术平台从JDK 1.6提升至JDK1.7。例如，增加了对JDK 1.7中最新的G1收集器，以及JDK 1.7中JSR-292InvokeDynamic（对非Java语言的调用支持）的分析讲解等内容。<br />\n在第1版出版后，笔者收到了许多热心读者的反馈意见，部分读者提出OpenJDK开源已久，第1版却很少有直接分析OpenJDK源码的内容，有点“视宝山而不见”的感觉。因此，在本书第2版中，笔者特别加强了对这部分内容的讲解，其中在第1章中就介绍了如何分析、调试OpenJDK源码等。在本书后续章节中，不少关于功能点的讲解都直接使用OpenJDK中的HotSpot源码或者JIT编译器生成的本地代码作为论据。<br />\n如何把Java虚拟机原理中许多理论性很强的知识、特性应用于实践开发，是本书贯穿始终的主旨。由于笔者希望在本书第2版中进一步加强知识的实践性，因此增加了许多对处理JVM常见问题技能的讲解，包括如何分析GC日志、如何分析JIT编译器代码优化过程和生成代码等。并且，在第1版的基础上，第2版中进一步增加了若干处理JVM问题的实践案例供读者参考。<br />\n另外，本书第2版还修正了第1版中多处错误的、有歧义的和不完整的描述。有关勘误信息，可以参考第1版的勘误页面（<a>http://icyfenix.iteye.com/blog/1119214</a>）。<br />\n本书面向的读者<br />\n（1）使用Java技术体系的中、高级开发人员<br />\nJava虚拟机作为中、高级开发人员必须修炼的知识，有着较高的学习门槛，本书可作为学习虚拟机的优秀教材。<br />\n（2）系统调优师<br />\n系统调优师是近几年才兴起的职业，本书中的大量案例、代码和调优实战将会对系统调优师的日常工作有直接的帮助。<br />\n（3）系统架构师<br />\n保障系统的性能、并发和伸缩等能力是系统架构师的主要职责之一，而这部分与虚拟机的运作密不可分，本书可以作为他们制定应用系统底层框架的参考资料。<br />\n如何阅读本书<br />\n本书一共分为五个部分：走近Java、自动内存管理机制、虚拟机执行子系统、程序编译与代码优化、高效并发。各部分基本上是互相独立的，没有必然的前后依赖关系，读者可以从任何一个感兴趣的专题开始阅读，但是每个部分中的各个章节间有先后顺序。<br />\n本书并没有假设读者在Java领域具备很专业的技术水平，因此在保证逻辑准确的前提下，尽量用通俗的语言和案例讲述虚拟机中与开发的关系最为密切的内容。当然，学习虚拟机技术本身就需要读者有一定的基础，且本书的读者定位是中、高级程序员，因此本书假设读者自己了解一些常用的开发框架、JavaAPI和Java语法等基础知识。<br />\n笔者希望读者在阅读本书的同时，把本书中的实践内容亲自验证一遍，其中用到的代码清单可以从华章网站（<a>http://www.hzbook.com</a>）下载。<br />\n语言约定<br />\n本书在语言和技术上有如下约定：<br />\n?本书中提到HotSpot、JRockit虚拟机、WebLogic服务器等产品的所有者时，仍然使用Sun和BEA公司的名称，实际上，BEA和Sun分别于2008年和2009年被Oracle公司收购，现在已经不存在这两个商标了，但毫无疑问的是，它们都是在Java领域中做出过卓越贡献的、值得程序员纪念的公司。<br />\n?JDK从1.5版本开始，在官方的正式文档与宣传资料中已经不再使用类似“JDK1.5”的名称，只有程序员内部使用的开发版本号（DeveloperVersion，例如java-version的输出）才继续沿用1.5、1.6和1.7的版本号，而公开版本号（ProductVersion）则改为JDK 5、JDK 6和JDK7的命名方式，为了行文一致，本书所有场合统一采用开发版本号的命名方式。<br />\n?由于版面关系，本书中的许多示例代码都没有遵循最优的代码编写风格，如使用的流没有关闭流等，请读者在阅读时注意这一点。<br />\n?如果没有特殊说明，本书中所有讨论都是以Sun JDK1.7为技术平台的。不过如果有某个特性在各个版本间的变化较大，一般都会说明它在各个版本间的差异。<br />\n内容特色<br />\n第一部分　走近Java<br />\n本书的第一部分为后文的讲解建立了良好的基础。尽管了解Java技术的来龙去脉，以及编译自己的OpenJDK对于读者理解Java虚拟机并不是必需的，但是这些准备过程可以为走近Java技术和Java虚拟机提供很好的引导。第一部分只有第1章：<br />\n第1章　介绍了Java技术体系的过去、现在和未来的一些发展趋势，并介绍了如何独立地编译一个OpenJDK 7。<br />\n第二部分　自动内存管理机制<br />\n因为程序员把内存控制的权力交给了Java虚拟机，所以可以在编码的时候享受自动内存管理的诸多优势，不过也正是这个原因，一旦出现内存泄漏和溢出方面的问题，如果不了解虚拟机是怎样使用内存的，那么排查错误将会成为一项异常艰难的工作。第二部分包括第2～5章：<br />\n第2章　讲解了虚拟机中内存是如何划分的，以及哪部分区域、什么样的代码和操作可能导致内存溢出异常，并讲解了各个区域出现内存溢出异常的常见原因。<br />\n第3章　分析了垃圾收集的算法和JDK1.7中提供的几款垃圾收集器的特点及运作原理。通过代码实例验证了Java虚拟机中自动内存分配及回收的主要规则。<br />\n第4章　介绍了随JDK发布的6个命令行工具与两个可视化的故障处理工具的使用方法。<br />\n第5章　与读者分享了几个比较有代表性的实际案例，还准备了一个所有开发人员都能“亲身实战”的练习，读者可通过实践来获得故障处理和调优的经验。<br />\n第三部分　虚拟机执行子系统<br />\n执行子系统是虚拟机中必不可少的组成部分，了解了虚拟机如何执行程序，才能写出更优秀的代码。第三部分包括第6～9章：<br />\n第6章　讲解了Class文件结构中的各个组成部分，以及每个部分的定义、数据结构和使用方法，以实战的方式演示了Class文件的数据是如何存储和访问的。<br />\n第7章　介绍了类加载过程的“加载”、“验证”、“准备”、“解析”和“初始化”5个阶段中虚拟机分别执行了哪些动作，还介绍了类加载器的工作原理及其对虚拟机的意义。<br />\n第8章　分析了虚拟机在执行代码时如何找到正确的方法，如何执行方法内的字节码，以及执行代码时涉及的内存结构。<br />\n第9章　通过4个类加载及执行子系统的案例，分享了使用类加载器和处理字节码的一些值得欣赏和借鉴的思路，并通过一个实战练习来加深对前面理论知识的理解。<br />\n第四部分　程序编译与代码优化<br />\nJava程序从源码编译成字节码和从字节码编译成本地机器码的这两个过程，合并起来其实就等同于一个传统编译器所执行的编译过程。第四部分包括第10～11章：<br />\n第10章　分析了Java语言中泛型、主动装箱和拆箱、条件编译等多种语法糖的前因后果，并通过实战演示了如何使用插入式注解处理器来实现一个检查程序命名规范的编译器插件。<br />\n第11章　讲解了虚拟机的热点探测方法、HotSpot的即时编译器、编译触发条件，以及如何从虚拟机外部观察和分析JIT编译的数据和结果，此外，还讲解了几种常见的编译优化技术。<br />\n第五部分　高效并发<br />\nJava语言和虚拟机提供了原生的、完善的多线程支持，这使得它天生就适合开发多线程并发的应用程序。不过我们不能期望系统来完成所有并发相关的处理，了解并发的内幕也是成为一个高级程序员不可缺少的课程。第五部分包括第12～13章：<br />\n第12章　讲解了虚拟机Java内存模型的结构及操作，以及原子性、可见性和有序性在Java内存模型中的体现，介绍了先行发生原则的规则及使用，还了解了线程在Java语言中是如何实现的。<br />\n第13章　介绍了线程安全涉及的概念和分类、同步实现的方式及虚拟机的底层运作原理，并且介绍了虚拟机实现高效并发所采取的一系列锁优化措施。<br />\n参考资料<br />\n本书名为“深入理解Java虚拟机”，但要想深入理解虚拟机，仅凭一本书肯定是远远不够的，读者可以通过以下信息找到更多关于Java虚拟机方面的资料。我在写作此书的时候，也从下面这些参考资料中获得了很大的帮助。<br />\n（1）书籍<br />\n?《The Java Virtual Machine Specification，Java SE7 Edition》<br />\n要学习虚拟机，无论如何都必须掌握“Java虚拟机规范”。这本书的概念和细节描述与Sun的早期虚拟机（Sun ClassicVM）高度吻合，不过，随着技术的发展，高性能虚拟机真正的细节实现方式已经渐渐与虚拟机规范所描述的差距越来越大，如果只能选择一本参考书来了解虚拟机，那我推荐这本书。此书的JavaSE 7版在2011年7月出版发行，这是自1999年发布的《Java虚拟机规范（第2版）》以来的第一次版本更新。笔者对Java SE7版的全文进行了翻译，并与原书一样在网上免费发布了全文PDF。<br />\n?《The Java Language Specification，Java SE 7Edition》<br />\n虽然虚拟机并不是Java语言专有的，但是了解Java语言的各种细节规定对理解虚拟机的行为也是很有帮助的，它与上一本《Java虚拟机规范》都是Sun官方出品的书籍，而且这本书还是由Java之父JamesGosling亲自执笔撰写的。这本书也与《Java虚拟机规范》一样，可以在官方网站完全免费下载到全文PDF，但暂时没有中文译本，《Java语言规范（第3版）》于2005年7月由机械工业出版社引进出版。<br />\n?《Oracle JRockit The Definitive Guide》<br />\n《OracleJRockit权威指南》，2010年7月出版，国内也没有（可能是尚未）引进这本书，它是由JRockit的两位资深开发人员（其中一位还是JRockitMissionControl团队的TeamLeader）撰写的JRockit虚拟机高级使用指南。虽然JRockit的用户量可能不如HotSpot多，但也是目前最流行的三大商业虚拟机之一，并且不同虚拟机中的很多实现思路都是可以对比参照的。这本书是了解现代高性能虚拟机很好的参考资料。<br />\n?《Inside the Java 2 Virtual Machine，SecondEdition》<br />\n《深入Java虚拟机（第2版）》，2000年1月出版，2003年由机械工业出版社出版其中文译本。在相当长的时间里，这本书是唯一的一本关于Java虚拟机的中文图书。<br />\n?《Java Performance》<br />\n《Java Performance》是“TheJava”系列（许多人都读过该系列中最出名的《EffectiveJava》）图书中最新的一本，2011年10月出版，暂时没有中文版。这本书并非全部都围绕Java虚拟机（只有第3、4、7章直接与Java虚拟机相关），而是从操作系统到基于Java的上层程序性能度量和调优的全面介绍，其中涉及Java虚拟机的内容具备一定的深度和可实践性。<br />\n（2）网站资源<br />\n?高级语言虚拟机圈子：<a>http://hllvm.group.iteye.com/</a><br />\n里面有一些国内关于虚拟机的讨论，并不只限于JVM，而是涉及对所有的高级语言虚拟机（High-Level LanguageVirtualMachine）的讨论，但该网站建立在ITEye上，自然还是以讨论Java虚拟机为主。圈主RednaxelaFX（莫枢）的博客（<a>http://rednaxelafx.iteye.com/</a>）是另外一个非常有价值的虚拟机及编译原理等资料的分享园地。<br />\n?HotSpot Internals：<a href=\"https://wikis.oracle.com/display/HotSpotInternals/Home\">https://wikis.oracle.com/display/HotSpotInternals/Home</a><br />\n一个关于OpenJDK的Wiki网站，许多文章都由JDK的开发团队编写，更新较慢，但是仍然有很高的参考价值。<br />\n?The HotSpotGroup：<a>http://openjdk.java.net/groups/hotspot/</a><br />\nHotSpot组群，包含虚拟机开发、编译器、垃圾收集和运行时4个邮件组，其中有关于HotSpot虚拟机的最新讨论。<br />\n勘误和支持<br />\n在本书交稿的时候，我并不像想象中的那样兴奋或放松，写作之时那种“战战兢兢、如履薄冰”的感觉依然萦绕在心头。在每一章、每一节落笔之时，我都在考虑如何才能把各个知识点更有条理地讲述出来，同时也在担心会不会由于自己理解有偏差而误导了读者。由于写作水平和写作时间所限，书中难免存在不妥之处，所以特地开通了一个读者邮箱（<a href=\"mailto:understandingjvm@gmail.com\">understandingjvm@gmail.com</a>）与大家交流，大家如有任何意见或建议欢迎与我联系。相信写书与写程序一样，作品一定都是不完美的，因为不完美，我们才有不断追求完美的动力。<br />\n本书第2版的勘误，将会在作者的博客（<a>http://icyfenix.iteye.com/</a>）中发布。欢迎读者在博客上留言。<br />\n致谢<br />\n首先要感谢我的家人，在本书写作期间全靠他们对我的悉心照顾，才让我能够全身心地投入到写作之中，而无后顾之忧。<br />\n同时要感谢我的工作单位远光软件，公司为我提供了宝贵的工作、学习和实践的环境，书中的许多知识点都来自于工作中的实践；也感谢与我一起工作的同事们，非常荣幸能与你们一起在这个富有激情的团队中共同奋斗。<br />\n还要感谢Oracle公司虚拟机团队的莫枢，在百忙之中抽空审阅了本书，提出了许多宝贵的建议和意见。<br />\n最后，感谢机械工业出版社华章公司的编辑，本书能够顺利出版离不开他们的敬业精神和一丝不苟的工作态度。\n				</p>\n				<p>\n					周志明\n				</p>\n</span>\n				<div class=\"section_show_more\" style=\"margin:0px;padding:15px 0px 0px;border:0px;text-align:right;\">\n					<a class=\"section_show_more\" id=\"preface-btn\">显示部分信息</a>\n				</div>\n			</div>\n		</div>\n		<div id=\"mediaFeedback\" class=\"section\" style=\"margin:0px;padding:10px 0px 0px;border:0px;color:#666666;font-family:&quot;background-color:#FFFFFF;\">\n			<div class=\"title\" style=\"margin:0px;padding:0px;\">\n				<span style=\"background:url(&quot;font-size:14px;line-height:22px;font-family:&quot;color:#323232;\">媒体评论</span>\n			</div>\n			<div class=\"descrip\" style=\"margin:0px;padding:14px 20px;border:0px;color:#656565;font-size:14px;\">\n				<span id=\"mediaFeedback-all\"></span>\n				<p>\n					在武侠的世界里，无论是至刚至强的《易筋经》，还是阴柔无比的《葵花宝典》，都离不开内功修炼。没有了内功心法，这些武术只是花拳绣腿的拙劣表演而已。软件业是武林江湖的一个翻版，也有着大量的模式、套路、规范等外功，但“外功修行，内功修神”，要想成为“扫地僧”一样的绝世高人，此书是必备的。\n				</p>\n				<div style=\"margin:0px;padding:0px;border:0px;\">\n					&nbsp;——秦小波 资深Java技术专家/著有畅销书《设计模式之禅》\n				</div>\n				<div style=\"margin:0px;padding:0px;border:0px;\">\n					&nbsp;\n				</div>\n				<div style=\"margin:0px;padding:0px;border:0px;\">\n					&nbsp;\n				</div>\n				<p>\n					&nbsp;对Java程序员来说，Java虚拟机可以说是既熟悉又神秘，很少Java程序员能够抑制自己探究它的冲动。可惜，分析JVM实现原理的书籍（特别是国内作者出版的）是少之又少。本书的出版可谓Java程序员的福音，作者将自己多年来在Java虚拟机领域的实践经验和研究心得呈现在了这本书中，不仅系统地讲解了Java虚拟机工作机制和底层原理，而且更难能可贵的是与实践很好地结合了起来，具有非常强的实践指导意义，强烈推荐！<br />\n&nbsp;——计文柯 资深Java技术专家/著有畅销书《Spring技术内幕：深入解析Spring架构设计与实现原理》\n				</p>\n			</div>\n		</div>\n		<div id=\"extract\" class=\"section\" style=\"margin:0px;padding:10px 0px 0px;border:0px;color:#666666;font-family:&quot;background-color:#FFFFFF;\">\n			<div class=\"title\" style=\"margin:0px;padding:0px;\">\n				<span style=\"background:url(&quot;font-size:14px;line-height:22px;font-family:&quot;color:#323232;\">免费在线读</span>\n			</div>\n			<div class=\"descrip\" style=\"margin:0px;padding:14px 20px;border:0px;color:#656565;font-size:14px;\">\n				<span id=\"extract-show-all\">\n				<p>\n					第一部分<br />\n走近Java<br />\n第1章　走近Java\n				</p>\n				<p>\n					第1章　走近Java<br />\n世界上并没有完美的程序，但我们并不因此而沮丧，因为写程序本来就是一个不断追求完美的过程。<br />\n1.1　概述<br />\nJava不仅仅是一门编程语言，还是一个由一系列计算机软件和规范形成的技术体系，这个技术体系提供了完整的用于软件开发和跨平台部署的支持环境，并广泛应用于嵌入式系统、移动终端、企业服务器、大型机等各种场合，如图1-1所示。时至今日，Java技术体系已经吸引了900多万软件开发者，这是全球最大的软件开发团队。使用Java的设备多达几十亿台，其中包括11亿多台个人计算机、30亿部移动电话及其他手持设备、数量众多的智能卡，以及大量机顶盒、导航系统和其他设备。<br />\nJava能获得如此广泛的认可，除了它拥有一门结构严谨、面向对象的编程语言之外，还有许多不可忽视的优点：它摆脱了硬件平台的束缚，实现了“一次编写，到处运行”的理想；它提供了一个相对安全的内存管理和访问机制，避免了绝大部分的内存泄露和指针越界问题；它实现了热点代码检测和运行时编译及优化，这使得Java应用能随着运行时间的增加而获得更高的性能；它有一套完善的应用程序接口，还有无数来自商业机构和开源社区的第三方类库来帮助它实现各种各样的功能……Java所带来的这些好处使程序的开发效率得到了很大的提升。作为一名Java程序员，在编写程序时除了尽情发挥Java的各种优势外，还应该去了解和思考一下Java技术体系中这些技术特性是如何实现的。认识这些技术运作的本质，是自己思考“程序这样写好不好”的基础和前提。当我们在使用一种技术时，如果不再依赖书本和他人就能得到这些问题的答案，那才算上升到了“不惑”的境界。<br />\n本书将与读者一起分析Java技术中最重要的那些特性的实现原理。在本章中，我们将重点介绍Java技术体系内容以及Java的历史、现在和未来的发展趋势。<br />\n1.2　Java技术体系<br />\n从广义上讲，Clojure、JRuby、Groovy等运行于Java虚拟机上的语言及其相关的程序都属于Java技术体系中的一员。如果仅从传统意义上来看，Sun官方所定义的Java技术体系包括以下几个组成部分：<br />\n?Java程序设计语言<br />\n?各种硬件平台上的Java虚拟机<br />\n?Class文件格式<br />\n?Java API类库<br />\n?来自商业机构和开源社区的第三方Java类库<br />\n我们可以把Java程序设计语言、Java虚拟机、Java API类库这三部分统称为JDK（Java DevelopmentKit），JDK是用于支持Java程序开发的最小环境，在后面的内容中，为了讲解方便，有一些地方会以JDK来代替整个Java技术体系。另外，可以把JavaAPI类库中的Java SE API子集和Java虚拟机这两部分统称为JRE（Java RuntimeEnvironment），JRE是支持Java程序运行的标准环境。图1-2展示了Java技术体系所包含的内容，以及JDK和JRE所涵盖的范围。<br />\n以上是根据各个组成部分的功能来进行划分的，如果按照技术所服务的领域来划分，或者说按照Java技术关注的重点业务领域来划分，Java技术体系可以分为4个平台，分别为：<br />\n?Java Card：支持一些Java小程序（Applets）运行在小内存设备（如智能卡）上的平台。<br />\n?Java ME（Micro Edition）：支持Java程序运行在移动终端（手机、PDA）上的平台，对JavaAPI有所精简，并加入了针对移动终端的支持，这个版本以前称为J2ME。<br />\n?Java SE（StandardEdition）：支持面向桌面级应用（如Windows下的应用程序）的Java平台，提供了完整的Java核心API，这个版本以前称为J2SE。<br />\n?Java EE（EnterpriseEdition）：支持使用多层架构的企业应用（如ERP、CRM应用）的Java平台，除了提供Java SEAPI外，还对其做了大量的扩充并提供了相关的部署支持，这个版本以前称为J2EE。<br />\n1.3　Java发展史<br />\n从第一个Java版本诞生到现在已经有18年的时间了。沧海桑田一瞬间，转眼18年过去了，在图1-3所展示的时间线中，我们看到JDK已经发展到了1.7版。在这18年里还诞生了无数和Java相关的产品、技术和标准。现在让我们走入时间隧道，从孕育Java语言的时代开始，再来回顾一下Java的发展轨迹和历史变迁。<br />\n1991年4月，由James Gosling博士领导的绿色计划（GreenProject）开始启动，此计划的目的是开发一种能够在各种消费性电子产品（如机顶盒、冰箱、收音机等）上运行的程序架构。这个计划的产品就是Java语言的前身：Oak（橡树）。Oak当时在消费品市场上并不算成功，但随着1995年互联网潮流的兴起，Oak迅速找到了最适合自己发展的市场定位并蜕变成为Java语言。<br />\n1995年5月23日，Oak语言改名为Java，并且在SunWorld大会上正式发布Java1.0版本。Java语言第一次提出了“Write Once，Run Anywhere”的口号。<br />\n1996年1月23日，JDK 1.0发布，Java语言有了第一个正式版本的运行环境。JDK1.0提供了一个纯解释执行的Java虚拟机实现（Sun Classic VM）。JDK1.0版本的代表技术包括：Java虚拟机、Applet、AWT等。<br />\n1996年4月，10个最主要的操作系统供应商申明将在其产品中嵌入Java技术。同年9月，已有大约8.3万个网页应用了Java技术来制作。在1996年5月底，Sun公司于美国旧金山举行了首届JavaOne大会，从此JavaOne成为全世界数百万Java语言开发者每年一度的技术盛会。<br />\n1997年2月19日，Sun公司发布了JDK 1.1，Java技术的一些最基础的支撑点（如JDBC等）都是在JDK1.1版本中发布的，JDK1.1版的技术代表有：JAR文件格式、JDBC、JavaBeans、RMI。Java语法也有了一定的发展，如内部类（InnerClass）和反射（Reflection）都是在这个时候出现的。<br />\n直到1999年4月8日，JDK1.1一共发布了1.1.0～1.1.8九个版本。从1.1.4之后，每个JDK版本都有一个自己的名字（工程代号），分别为：JDK1.1.4 - Sparkler（宝石）、JDK 1.1.5 - Pumpkin（南瓜）、JDK 1.1.6 -Abigail（阿比盖尔，女子名）、JDK 1.1.7 - Brutus（布鲁图，古罗马政治家和将军）和JDK 1.1.8 Chelsea（切尔西，城市名）。<br />\n1998年12月4日，JDK迎来了一个里程碑式的版本JDK1.2，工程代号为Playground（竞技场），Sun在这个版本中把Java技术体系拆分为3个方向，分别是面向桌面应用开发的J2SE（Java2 Platform， Standard Edition）、面向企业级开发的J2EE（Java 2 Platform，Enterprise Edition）和面向手机等移动终端开发的J2ME（Java 2 Platform， MicroEdition）。在这个版本中出现的代表性技术非常多，如EJB、Java Plug-in、JavaIDL、Swing等，并且这个版本中Java虚拟机第一次内置了JIT（Just In Time）编译器（JDK1.2中曾并存过3个虚拟机，Classic VM、HotSpot VM和Exact VM，其中ExactVM只在Solaris平台出现过；后面两个虚拟机都是内置JIT编译器的，而之前版本所带的ClassicVM只能以外挂的形式使用JIT编译器）。在语言和API级别上，Java添加了strictfp关键字与现在Java编码之中极为常用的一系列Collections集合类。在1999年3月和7月，分别有JDK1.2.1和JDK 1.2.2两个小版本发布。<br />\n1999年4月27日，HotSpot虚拟机发布，HotSpot最初由一家名为“LongviewTechnologies”的小公司开发，因为HotSpot的优异表现，这家公司在1997年被Sun公司收购了。HotSpot虚拟机发布时是作为JDK1.2的附加程序提供的，后来它成为了JDK 1.3及之后所有版本的Sun JDK的默认虚拟机。<br />\n2000年5月8日，工程代号为Kestrel（美洲红隼）的JDK 1.3发布，JDK 1.3相对于JDK1.2的改进主要表现在一些类库上（如数学运算和新的Timer API等），JNDI服务从JDK1.3开始被作为一项平台级服务提供（以前JNDI仅仅是一项扩展），使用CORBAIIOP来实现RMI的通信协议，等等。这个版本还对Java 2D做了很多改进，提供了大量新的Java 2DAPI，并且新添加了JavaSound类库。JDK 1.3有1个修正版本JDK1.3.1，工程代号为Ladybird（瓢虫），于2001年5月17日发布。<br />\n自从JDK1.3开始，Sun维持了一个习惯：大约每隔两年发布一个JDK的主版本，以动物命名，期间发布的各个修正版本则以昆虫作为工程名称。<br />\n2002年2月13日，JDK 1.4发布，工程代号为Merlin（灰背隼）。JDK1.4是Java真正走向成熟的一个版本，Compaq、Fujitsu、SAS、Symbian、IBM等著名公司都有参与甚至实现自己独立的JDK1.4。哪怕是在十多年后的今天，仍然有许多主流应用（Spring、Hibernate、Struts等）能直接运行在JDK1.4之上，或者继续发布能运行在JDK 1.4上的版本。JDK1.4同样发布了很多新的技术特性，如正则表达式、异常链、NIO、日志类、XML解析器和XSLT转换器等。JDK1.4有两个后续修正版：2002年9月16日发布的工程代号为Grasshopper（蚱蜢）的JDK1.4.1与2003年6月26日发布的工程代号为Mantis（螳螂）的JDK 1.4.2。<br />\n2002年前后还发生了一件与Java没有直接关系，但事实上对Java的发展进程影响很大的事件，那就是微软公司的.NETFramework发布了。这个无论是技术实现上还是目标用户上都与Java有很多相近之处的技术平台给Java带来了很多讨论、比较和竞争，.NET平台和Java平台之间声势浩大的孰优孰劣的论战到目前为止都在继续。<br />\n2004年9月30日，JDK 1.5发布，工程代号Tiger（老虎）。从JDK1.2以来，Java在语法层面上的变换一直很小，而JDK1.5在Java语法易用性上做出了非常大的改进。例如，自动装箱、泛型、动态注解、枚举、可变长参数、遍历循环（foreach循环）等语法特性都是在JDK1.5中加入的。在虚拟机和API层面上，这个版本改进了Java的内存模型（Java MemoryModel，JMM）、提供了java.util.concurrent并发包等。另外，JDK 1.5是官方声明可以支持Windows9x平台的最后一个JDK版本。<br />\n2006年12月11日，JDK 1.6发布，工程代号Mustang（野马）。在这个版本中，Sun终结了从JDK1.2开始已经有8年历史的J2EE、J2SE、J2ME的命名方式，启用Java SE 6、Java EE 6、Java ME6的命名方式。JDK 1.6的改进包括：提供动态语言支持（通过内置Mozilla JavaScriptRhino引擎实现）、提供编译API和微型HTTP服务器API等。同时，这个版本对Java虚拟机内部做了大量改进，包括锁与同步、垃圾收集、类加载等方面的算法都有相当多的改动。<br />\n在2006年11月13日的JavaOne大会上，Sun公司宣布最终会将Java开源，并在随后的一年多时间内，陆续将JDK的各个部分在GPLv2（GNU General Public Licensev2）协议下公开了源码，并建立了OpenJDK组织对这些源码进行独立管理。除了极少量的产权代码（EncumberedCode，这部分代码大多是Sun本身也无权限进行开源处理的）外，OpenJDK几乎包括了SunJDK的全部代码，OpenJDK的质量主管曾经表示，在JDK 1.7中，SunJDK和OpenJDK除了代码文件头的版权注释之外，代码基本上完全一样，所以OpenJDK 7与Sun JDK1.7本质上就是同一套代码库开发的产品。<br />\nJDK1.6发布以后，由于代码复杂性的增加、JDK开源、开发JavaFX、经济危机及Sun收购案等原因，Sun在JDK发展以外的事情上耗费了很多资源，JDK的更新没有再维持两年发布一个主版本的发展速度。JDK1.6到目前为止一共发布了37个Update版本，最新的版本为Java SE 6 Update37，于2012年10月16日发布。<br />\n2009年2月19日，工程代号为Dolphin（海豚）的JDK 1.7完成了其第一个里程碑版本。根据JDK1.7的功能规划，一共设置了10个里程碑。最后一个里程碑版本原计划于2010年9月9日结束，但由于各种原因，JDK1.7最终无法按计划完成。<br />\n从JDK1.7最开始的功能规划来看，它本应是一个包含许多重要改进的JDK版本，其中的Lambda项目（Lambda表达式、函数式编程）、Jigsaw项目（虚拟机模块化支持）、动态语言支持、GarbageFirst收集器和Coin项目（语言细节进化）等子项目对于Java业界都会产生深远的影响。在JDK1.7开发期间，Sun公司由于相继在技术竞争和商业竞争中都陷入泥潭，公司的股票市值跌至仅有高峰时期的3%，已无力推动JDK1.7的研发工作按正常计划进行。为了尽快结束JDK1.7长期“跳票”的问题，Oracle公司收购Sun公司后不久便宣布将实行“B计划”，大幅裁剪了JDK 1.7预定目标，以便保证JDK1.7的正式版能够于2011年7月28日准时发布。“B计划”把不能按时完成的Lambda项目、Jigsaw项目和Coin项目的部分改进延迟到JDK1.8之中。最终，JDK1.7的主要改进包括：提供新的G1收集器（G1在发布时依然处于Experimental状态，直至2012年4月的Update4中才正式“转正”）、加强对非Java语言的调用支持（JSR-292，这项特性到目前为止依然没有完全实现定型）、升级类加载架构等。<br />\n到目前为止，JDK 1.7已经发布了9个Update版本，最新的Java SE 7 Update9于2012年10月16日发布。从Java SE 7 Update 4起，Oracle开始支持Mac OSX操作系统，并在Update 6中达到完全支持的程度，同时，在Update6中还对ARM指令集架构提供了支持。至此，官方提供的JDK可以运行于Windows（不含Windows9x）、Linux、Solaris和Mac OS平台上，支持ARM、x86、x64和Sparc指令集架构类型。<br />\n2009年4月20日，Oracle公司宣布正式以74亿美元的价格收购Sun公司，Java商标从此正式归Oracle所有（Java语言本身并不属于哪间公司所有，它由JCP组织进行管理，尽管JCP主要是由Sun公司或者说Oracle公司所领导的）。由于此前Oracle公司已经收购了另外一家大型的中间件企业BEA公司，在完成对Sun公司的收购之后，Oracle公司分别从BEA和Sun中取得了目前三大商业虚拟机的其中两个：JRockit和HotSpot，Oracle公司宣布在未来1～2年的时间内，将把这两个优秀的虚拟机互相取长补短，最终合二为一。可以预见在不久的将来，Java虚拟机技术将会产生相当巨大的变化。<br />\n根据Oracle官方提供的信息，JDK 1.8的第一个正式版本将于2013年9月发布，JDK 1.8将会提供在JDK1.7中规划过，但最终未能在JDK1.7中发布的特性，即Lambda表达式、Jigsaw（很不幸，随后Oracle公司又宣布Jigsaw在JDK1.8中依然无法完成，需要延至JDK 1.9）和JDK 1.7中未实现的一部分Coin等。<br />\n在2011年的JavaOne大会上，Oracle公司还提到了JDK1.9的长远规划，希望未来的Java虚拟机能够管理数以GB计的Java堆，能够更高效地与本地代码集成，并且令Java虚拟机运行时尽可能少人工干预，能够自动调节。<br />\n1.4　Java虚拟机发展史<br />\n上一节我们从整个Java技术的角度观察了Java技术的发展，许多Java程序员都会潜意识地把它与Sun公司的HotSpot虚拟机等同看待，也许还有一些程序员会注意到BEAJRockit和IBM J9，但对JVM的认识不仅仅只有这些。<br />\n从1996年初Sun公司发布的JDK 1.0中所包含的Sun ClassicVM到今天，曾经涌现、湮灭过许多或经典或优秀或有特色的虚拟机实现，在这一节中，我们先暂且把代码与技术放下，一起来回顾一下Java虚拟机家族的发展轨迹和历史变迁。<br />\n1.4.1　Sun Classic / Exact VM<br />\n以今天的视角来看，Sun ClassicVM的技术可能很原始，这款虚拟机的使命也早已终结。但仅凭它“世界上第一款商用Java虚拟机”的头衔，就足够有让历史记住它的理由。<br />\n1996年1月23日，Sun公司发布JDK1.0，Java语言首次拥有了商用的正式运行环境，这个JDK中所带的虚拟机就是ClassicVM。这款虚拟机只能使用纯解释器方式来执行Java代码，如果要使用JIT编译器，就必须进行外挂。但是假如外挂了JIT编译器，JIT编译器就完全接管了虚拟机的执行系统，解释器便不再工作了。用户在这款虚拟机上执行java-version命令，将会看到类似下面这行输出：<br />\njava version \"1.2.2\"<br />\nClassic VM (build JDK-1.2.2-001, green threads, sunwjit)<br />\n其中的“sunwjit”就是Sun提供的外挂编译器，其他类似的外挂编译器还有SymantecJIT和shuJIT等。由于解释器和编译器不能配合工作，这就意味着如果要使用编译器执行，编译器就不得不对每一个方法、每一行代码都进行编译，而无论它们执行的频率是否具有编译的价值。基于程序响应时间的压力，这些编译器根本不敢应用编译耗时稍高的优化技术，因此这个阶段的虚拟机即使用了JIT编译器输出本地代码，执行效率也和传统的C/C 程序有很大差距，“Java语言很慢”的形象就是在这时候开始在用户心中树立起来的\n				</p>\n</span>\n			</div>\n		</div>\n	</div>\n</div>',NULL),(691579165505224704,'Effective Java中文版（原书第3版）','group1/M00/00/01/wKgAkl54EJaAZgoUAACTZNZMT_0731.jpg','java','<div class=\"t_box_left\" id=\"detail_all\" style=\"margin:0px;padding:0px 20px 0px 0px;color:#666666;font-family:&quot;background-color:#FFFFFF;\">\n	<div class=\"section\" id=\"detail\" style=\"margin:0px;padding:10px 0px 0px;border:0px;\">\n		<div id=\"abstract\" class=\"section\" style=\"margin:0px;padding:10px 0px 0px;border:0px;\">\n			<div class=\"descrip\" style=\"margin:0px;padding:14px 20px;border:0px;color:#656565;font-size:14px;\">\n				<p>\n					<img src=\"http://img54.ddimg.cn/99999990003777024.jpg\" />\n				</p>\n				<p>\n					Java之父James Gosling鼎力推荐、Jolt获奖作品全新升级，针对Java 7、8、9全面更新，Java程序员必备参考书。\n				</p>\n				<p>\n					包含大量完整的示例代码和透彻的技术分析，通过90条经验法则，探索新的设计模式和语言习惯用法，帮助读者更加有效地使用Java编程语言及其基本类库。\n				</p>\n				<p>\n					&nbsp;\n				</p>\n&nbsp;\n			</div>\n		</div>\n		<div id=\"content\" class=\"section\" style=\"margin:0px;padding:10px 0px 0px;border:0px;\">\n			<div class=\"title\" style=\"margin:0px;padding:0px;\">\n				<span style=\"background:url(&quot;font-size:14px;line-height:22px;font-family:&quot;color:#323232;\">内容简介</span>\n			</div>\n			<div class=\"descrip\" style=\"margin:0px;padding:14px 20px;border:0px;color:#656565;font-size:14px;\">\n				<span id=\"content-all\"></span>\n				<p>\n					Java之父James Gosling鼎力推荐、Jolt获奖作品全新升级，针对Java 7、8、9全面更新，Java程序员必备参考书。包含大量完整的示例代码和透彻的技术分析，通过90条经验法则，探索新的设计模式和语言习惯用法，帮助读者更加有效地使用Java编程语言及其基本类库。\n				</p>\n				<p>\n					全书共12章，90条。第1章为引言；第2章阐述何时以及如何创建和避免创建对象，如何确保对象能够适时地销毁，以及如何管理对象销毁之前必须进行的各种清除动作；第3章阐述所有对象都通用的方法，如equals、hashCode、toString、clone和finalize以及Comparable.compareTo方法等；第4章阐述作为Java语言的核心以及Java语言的基本抽象单元（类和接口）在使用上的一些指导原则，以设计出更加有用、健壮和灵活的类与接口；第5章和第6章分别阐述在Java 1.5发行版本中新增加的泛型、枚举和注解的*实践，教你如何*限度地享有这些优势；第7章讨论在Java 8中新增的函数接口、Lambda、方法引用，和为处理数据元素的序列提供类库级别支持的Stream API；第8章讨论方法设计的几个方面：如何处理参数和返回值，如何设计方法签名，如何为方法编写文档，从而使方法设计在可用性、健壮性和灵活性上有进一步的提升；第9章主要讨论Java语言的具体细节，包括局部变量的处理、控制结构、类库的使用、各种数据类型的用法、反射机制和本地方法的用法，以及优化和命名惯例；第10章阐述如何充分发挥异常的优点来提高程序的可读性、可靠性和可维护性，以及减少异常使用不当所带来的负面影响，并提供了一些关于有效使用异常的指导原则；第11章阐述写出清晰、正确、文档组织良好的并发程序；第12章讲解序列化方面的技术，其中包括序列化代理模式，它可以帮助你避免对象序列化的许多缺陷。\n				</p>\n				<p>\n					<img src=\"http://img51.ddimg.cn/99999990119234041.jpg\" alt=\"\" />\n				</p>\n			</div>\n		</div>\n		<div id=\"authorIntroduction\" class=\"section\" style=\"margin:0px;padding:10px 0px 0px;border:0px;\">\n			<div class=\"title\" style=\"margin:0px;padding:0px;\">\n				<span style=\"background:url(&quot;font-size:14px;line-height:22px;font-family:&quot;color:#323232;\">作者简介</span>\n			</div>\n			<div class=\"descrip\" style=\"margin:0px;padding:14px 20px;border:0px;color:#656565;font-size:14px;\">\n				<span id=\"authorIntroduction-show-all\">\n				<div style=\"margin:0px;padding:0px;border:0px;\">\n					<p align=\"left\">\n						作者简介&nbsp;\n					</p>\n				</div>\n				<p>\n					<strong>Joshua Bloch</strong><strong> </strong>美国卡内基-梅隆大学教授，曾是Google公司首席Java架构师、Sun公司杰出工程师和Transarc公司高级系统设计师。他带领团队设计和实现过无数的Java平台特性，包括JDK 5.0语言增强版和获奖的Java Collections Framework。他拥有哥伦比亚大学的计算机科学学士学位和卡内基-梅隆大学的计算机科学博士学位。他的著作还包括《Java Puzzlers》和《Java并发编程实战》（曾获Jolt大奖提名）等。\n				</p>\n				<div style=\"margin:0px;padding:0px;border:0px;\">\n					<p align=\"left\">\n						译者简介&nbsp;\n					</p>\n				</div>\n				<p>\n					<strong>俞黎敏</strong>（YuLimin，网名：阿敏总司令） 2008年7月加入IBM广州分公司，担任高级技术顾问，主要负责WebSphere系列产品以及云计算、物联网相关的技术支持工作，专注于产品新特性、系统性能调优、疑难问题诊断与解决。开源爱好者，曾参与Spring中文论坛组织的《Spring 2.0 Reference》中文翻译的一审与二审，满江红开放技术研究组织的《Seam 1.2.1 Reference》的中文翻译，组织完成了《Seam 2.0 Reference》的中文翻译工作。CSDN、CJSDN、Dev2Dev、Matrix、JavaWorldTW、Spring中文等Java论坛的版主，在各大技术社区为推动开源和敏捷开发做出了积极的贡献。翻译与审校过多本图书。\n				</p>\n</span>\n			</div>\n		</div>\n		<div id=\"catalog\" class=\"section\" style=\"margin:0px;padding:10px 0px 0px;border:0px;\">\n			<div class=\"title\" style=\"margin:0px;padding:0px;\">\n				<span style=\"background:url(&quot;font-size:14px;line-height:22px;font-family:&quot;color:#323232;\">目　　录</span>\n			</div>\n			<div class=\"descrip\" style=\"margin:0px;padding:14px 20px;border:0px;color:#656565;font-size:14px;\">\n				<span id=\"catalog-show-all\">\n				<div style=\"margin:0px;padding:0px;border:0px;\">\n					<p>\n						推荐序\n					</p>\n					<p>\n						译者序\n					</p>\n					<p>\n						前言\n					</p>\n					<p>\n						致谢\n					</p>\n					<p>\n						第1章　引言&nbsp; 1\n					</p>\n					<p>\n						第2章　创建和销毁对象&nbsp; 4\n					</p>\n					<p>\n						第1条：用静态工厂方法代替构造器&nbsp; 4\n					</p>\n					<p>\n						第2条：遇到多个构造器参数时要考虑使用构建器&nbsp; 8\n					</p>\n					<p>\n						第3条：用私有构造器或者枚举类型强化Singleton属性&nbsp; 13\n					</p>\n					<p>\n						第4条：通过私有构造器强化不可实例化的能力&nbsp; 15\n					</p>\n					<p>\n						第5条：优先考虑依赖注入来引用资源&nbsp; 16\n					</p>\n					<p>\n						第6条：避免创建不必要的对象&nbsp; 18\n					</p>\n					<p>\n						第7条：消除过期的对象引用&nbsp; 20\n					</p>\n					<p>\n						第8条：避免使用终结方法和清除方法&nbsp; 23\n					</p>\n					<p>\n						第9条：try-with-resources优先于try-f?inally&nbsp; 27\n					</p>\n					<p>\n						第3章　对于所有对象都通用的方法&nbsp; 30\n					</p>\n					<p>\n						第10条：覆盖equals时请遵守通用约定&nbsp; 30\n					</p>\n					<p>\n						第11条：覆盖equals时总要覆盖hashCode&nbsp; 40\n					</p>\n					<p>\n						第12条：始终要覆盖toString&nbsp; 44\n					</p>\n					<p>\n						第13条：谨慎地覆盖clone&nbsp; 46\n					</p>\n					<p>\n						第14条：考虑实现Comparable接口&nbsp; 53\n					</p>\n					<p>\n						第4章　类和接口&nbsp; 59\n					</p>\n					<p>\n						第15条：使类和成员的可访问性最小化&nbsp; 59\n					</p>\n					<p>\n						第16条：要在公有类而非公有域中使用访问方法&nbsp; 62\n					</p>\n					<p>\n						第17条：使可变性最小化&nbsp; 64\n					</p>\n					<p>\n						第18条：复合优先于继承&nbsp; 70\n					</p>\n					<p>\n						第19条：要么设计继承并提供文档说明，要么禁止继承&nbsp; 75\n					</p>\n					<p>\n						第20条：接口优于抽象类&nbsp; 79\n					</p>\n					<p>\n						第21条：为后代设计接口&nbsp; 83\n					</p>\n					<p>\n						第22条：接口只用于定义类型&nbsp; 85\n					</p>\n					<p>\n						第23条：类层次优于标签类&nbsp; 86\n					</p>\n					<p>\n						第24条：静态成员类优于非静态成员类&nbsp; 88\n					</p>\n					<p>\n						第25条：限制源文件为单个顶级类&nbsp; 91\n					</p>\n					<p>\n						第5章　泛型&nbsp; 93\n					</p>\n					<p>\n						第26条：请不要使用原生态类型&nbsp; 93\n					</p>\n					<p>\n						第27条：消除非受检的警告&nbsp; 97\n					</p>\n					<p>\n						第28条：列表优于数组&nbsp; 99\n					</p>\n					<p>\n						第29条：优先考虑泛型&nbsp; 102\n					</p>\n					<p>\n						第30条：优先考虑泛型方法&nbsp; 106\n					</p>\n					<p>\n						第31条：利用有限制通配符来提升API的灵活性&nbsp; 109\n					</p>\n					<p>\n						第32条：谨慎并用泛型和可变参数&nbsp; 114\n					</p>\n					<p>\n						第33条：优先考虑类型安全的异构容器&nbsp; 118\n					</p>\n					<p>\n						第6章　枚举和注解&nbsp; 123\n					</p>\n					<p>\n						第34条：用enum代替int常量&nbsp; 123\n					</p>\n					<p>\n						第35条：用实例域代替序数&nbsp; 131\n					</p>\n					<p>\n						第36条：用EnumSet代替位域 &nbsp;132\n					</p>\n					<p>\n						第37条：用EnumMap代替序数索引&nbsp; 134\n					</p>\n					<p>\n						第38条：用接口模拟可扩展的枚举&nbsp; 138\n					</p>\n					<p>\n						第39条：注解优先于命名模式&nbsp; 140\n					</p>\n					<p>\n						第40条：坚持使用Override注解&nbsp; 147\n					</p>\n					<p>\n						第41条：用标记接口定义类型&nbsp; 149\n					</p>\n					<p>\n						第7章　Lambda和Stream&nbsp; 151\n					</p>\n					<p>\n						第42条：Lambda优先于匿名类&nbsp; 151\n					</p>\n					<p>\n						第43条：方法引用优先于Lambda&nbsp; 154\n					</p>\n					<p>\n						第44条：坚持使用标准的函数接口&nbsp; 156\n					</p>\n					<p>\n						第45条：谨慎使用Stream&nbsp; 159\n					</p>\n					<p>\n						第46条：优先选择Stream中无副作用的函数&nbsp; 164\n					</p>\n					<p>\n						第47条：Stream要优先用Collection作为返回类型&nbsp; 168\n					</p>\n					<p>\n						第48条：谨慎使用Stream并行&nbsp; 172\n					</p>\n					<p>\n						第8章　方法&nbsp; 176\n					</p>\n					<p>\n						第49条：检查参数的有效性&nbsp; 176\n					</p>\n					<p>\n						第50条：必要时进行保护性拷贝&nbsp; 179\n					</p>\n					<p>\n						第51条：谨慎设计方法签名&nbsp; 182\n					</p>\n					<p>\n						第52条：慎用重载&nbsp; 184\n					</p>\n					<p>\n						第53条：慎用可变参数&nbsp; 189\n					</p>\n					<p>\n						第54条：返回零长度的数组或者集合，而不是null&nbsp; 190\n					</p>\n					<p>\n						第55条：谨慎返回optinal&nbsp; 192\n					</p>\n					<p>\n						第56条：为所有导出的API元素编写文档注释&nbsp; 196\n					</p>\n					<p>\n						第9章　通用编程&nbsp; 202\n					</p>\n					<p>\n						第57条：将局部变量的作用域最小化&nbsp; 202\n					</p>\n					<p>\n						第58条：for-each循环优先于传统的for循环&nbsp; 204\n					</p>\n					<p>\n						第59条：了解和使用类库&nbsp; 207\n					</p>\n					<p>\n						第60条：如果需要精确的答案，请避免使用f?loat和double&nbsp; 209\n					</p>\n					<p>\n						第61条：基本类型优先于装箱基本类型&nbsp; 211\n					</p>\n					<p>\n						第62条：如果其他类型更适合，则尽量避免使用字符串&nbsp; 213\n					</p>\n					<p>\n						第63条：了解字符串连接的性能&nbsp; 215\n					</p>\n					<p>\n						第64条：通过接口引用对象&nbsp; 216\n					</p>\n					<p>\n						第65条：接口优先于反射机制&nbsp; 218\n					</p>\n					<p>\n						第66条：谨慎地使用本地方法&nbsp; 220\n					</p>\n					<p>\n						第67条：谨慎地进行优化&nbsp; 221\n					</p>\n					<p>\n						第68条：遵守普遍接受的命名惯例&nbsp; 223\n					</p>\n					<p>\n						第10章　异常&nbsp; 227\n					</p>\n					<p>\n						第69条：只针对异常的情况才使用异常&nbsp; 227\n					</p>\n					<p>\n						第70条：对可恢复的情况使用受检异常，对编程错误使用运行时异常&nbsp; 229\n					</p>\n					<p>\n						第71条：避免不必要地使用受检异常&nbsp; 231\n					</p>\n					<p>\n						第72条：优先使用标准的异常&nbsp; 232\n					</p>\n					<p>\n						第73条：抛出与抽象对应的异常&nbsp; 234\n					</p>\n					<p>\n						第74条：每个方法抛出的所有异常都要建立文档&nbsp; 235\n					</p>\n					<p>\n						第75条：在细节消息中包含失败-捕获信息&nbsp; 237\n					</p>\n					<p>\n						第76条：努力使失败保持原子性&nbsp; 238\n					</p>\n					<p>\n						第77条：不要忽略异常&nbsp; 239\n					</p>\n					<p>\n						第11章　并发&nbsp; 241\n					</p>\n					<p>\n						第78条：同步访问共享的可变数据&nbsp; 241\n					</p>\n					<p>\n						第79条：避免过度同步&nbsp; 245\n					</p>\n					<p>\n						第80条：executor、task和stream优先于线程&nbsp; 250\n					</p>\n					<p>\n						第81条：并发工具优先于wait和notify&nbsp; 251\n					</p>\n					<p>\n						第82条：线程安全性的文档化&nbsp; 256\n					</p>\n					<p>\n						第83条：慎用延迟初始化&nbsp; 258\n					</p>\n					<p>\n						第84条：不要依赖于线程调度器&nbsp; 261\n					</p>\n					<p>\n						第12章　序列化&nbsp; 263\n					</p>\n					<p>\n						第85条：其他方法优先于Java序列化&nbsp; 263\n					</p>\n					<p>\n						第86条：谨慎地实现Serializable接口&nbsp; 266\n					</p>\n					<p>\n						第87条：考虑使用自定义的序列化形式&nbsp; 269\n					</p>\n					<p>\n						第88条：保护性地编写readObject方法&nbsp; 274\n					</p>\n					<p>\n						第89条：对于实例控制，枚举类型优先于readResolve&nbsp; 279\n					</p>\n					<p>\n						第90条：考虑用序列化代理代替序列化实例&nbsp; 282\n					</p>\n					<p>\n						附录　与第2版中条目的对应关系&nbsp; 286\n					</p>\n					<p>\n						参考文献&nbsp; 289\n					</p>\n				</div>\n</span>\n			</div>\n		</div>\n		<div id=\"preface\" class=\"section\" style=\"margin:0px;padding:10px 0px 0px;border:0px;\">\n			<div class=\"title\" style=\"margin:0px;padding:0px;\">\n				<span style=\"background:url(&quot;font-size:14px;line-height:22px;font-family:&quot;color:#323232;\">前　　言</span>\n			</div>\n			<div class=\"descrip\" style=\"margin:0px;padding:14px 20px;border:0px;color:#656565;font-size:14px;\">\n				<span id=\"preface-show-all\">\n				<div style=\"margin:0px;padding:0px;border:0px;\">\n					<p align=\"left\">\n						<strong>第3版前言</strong>\n					</p>\n					<p align=\"left\">\n						1997年，Java才面世不久，James Gosling（Java之父）称之为“超级简单的蓝领语言”［Gosling97］。几乎与此同时，Bjarne Stroustrup（C 之父）则将C 称为“多范式语言”（multi-paradigm language），因为“它与那些只支持单一编程方法的程序语言有着天壤之别”［Stroustrup95］。Stroustrup曾发出过这样的警告：\n					</p>\n					<p align=\"left\">\n						正如大多数刚面世的语言一样，Java的相对简单性，很可能一部分是出于错觉，一部分是因为其尚不完整而导致的结果。随着时间的推移，Java在规模和复杂度方面都会显著增长。到那时，其规模可能呈双倍甚至三倍增长，并产生大量依赖于实现的扩展或者类库［Stroustrup］。\n					</p>\n					<p align=\"left\">\n						现在，二十年过去了，坦白地说，Gosling和Stroustrup说的都没有错。Java现在果然是既庞大又复杂，许多东西都带有多个抽象，从并发执行，到迭代，再到日期和时间的表示法。\n					</p>\n					<p align=\"left\">\n						随着Java平台的发展，我的热情有所降温，但我依然钟爱Java。考虑到Java日益增加的规模和复杂度，对于最前沿的最佳实践指导的需求成了重中之重。在本书中，我将不遗余力地为读者提供这样的指导。希望这一版能够在坚持前两个版本的精神的前提下，继续满足读者的最新需求。\n					</p>\n					<p align=\"left\">\n						简单即美，但要做到大道至简却实属不易。\n					</p>\n					<p align=\"left\">\n						&nbsp;\n					</p>\n					<p align=\"left\">\n						Joshua Bloch\n					</p>\n					<p align=\"left\">\n						San Jose, California\n					</p>\n					<p align=\"left\">\n						2017年11月\n					</p>\n					<p align=\"left\">\n						附：近年来，我在业界的最佳实践方面花费了大量的精力。自20世纪50年代诞生这个行业以来，我们已经自由地重新实现了彼此的API。这个实践对于计算机技术的快速成功至关重要。我始终积极地致力于维护这种自由［CompSci17］，并且鼓励你们也加入到这个行列中来。我们的专业要想持续健康地发展，确保重新实现各自API的权利显得尤为重要。\n					</p>\n					<p align=\"left\">\n						&nbsp;\n					</p>\n					<p align=\"left\">\n						<strong>第2版前言</strong>\n					</p>\n					<p align=\"left\">\n						自从我于2001年写了本书的第1版之后，Java平台又发生了很多变化，是该出第2版的时候了。Java 5中最为重要的变化是增加了泛型、枚举类型、注解、自动装箱和for-each\n					</p>\n					<p align=\"left\">\n						循环。其次是增加了新的并发类库：java.util.concurrent。我和Gilad Bracha一起，有幸带领团队设计了最新的语言特性。我还有幸参加了设计和开发并发类库的团队，这个团队由Doug Lea领导。\n					</p>\n					<p align=\"left\">\n						Java平台中另一个大的变化在于广泛采用了现代的IDE（Integrated Development Envi-ronment），例如Eclipse、IntelliJ IDEA和NetBeans，以及静态分析工具的IDE，如FindBugs。虽然我还未参与这部分工作，但已经从中受益匪浅，并且很清楚它们对Java开发体验所带来的影响。\n					</p>\n					<p align=\"left\">\n						2004年，我离开Sun公司到了Google公司工作，但在过去的4年中，我仍然继续参与Java平台的开发，在Google公司和JCP（Java Community Process）的大力帮助下，继续并发和集合API的开发。我还有幸利用Java平台去开发供Google内部使用的类库。现在我了解了作为一名用户的感受。\n					</p>\n					<p align=\"left\">\n						我在2001年编写第1版的时候，主要目的是与读者分享我的经验，便于让大家避免我所走过的弯路，使大家更容易成功。新版仍然大量采用来自Java平台类库的真实范例。\n					</p>\n					<p align=\"left\">\n						第1版所带来的反应远远超出了我最大的预期。我在收集所有新的资料以使本书保持最新时，尽可能地保持了资料的真实。毫无疑问，本书的篇幅肯定会增加，从57个条目发展到了78个。我不仅增加了23个条目，并且修改了原来的所有资料，并删去了一些已经过时的条目。在附录中，你可以看到本书中的内容与第1版的内容的对照情况。\n					</p>\n					<p align=\"left\">\n						在第1版的前言中我说过：Java程序设计语言和它的类库非常有益于代码质量与效率的提高，并且使得用Java进行编码成为一种乐趣。Java 5和Java 6发行版中的变化是好事，这也使Java平台日趋完善。现在这个平台比2001年的要大得多，也复杂得多，但是一旦掌握了使用新特性的模式和习惯用法，它们就会使你的程序变得更完美，使你的工作变得更轻松。我希望第2版能够体现出我对Java平台持续的热情，并将这种热情传递给你，帮助你更加高效和愉快地使用Java平台及其新的特性。\n					</p>\n					<p align=\"left\">\n						&nbsp;\n					</p>\n					<p align=\"left\">\n						Joshua Bloch\n					</p>\n					<p align=\"left\">\n						San Jose, California\n					</p>\n					<p align=\"left\">\n						2008年4月\n					</p>\n					<p align=\"left\">\n						&nbsp;\n					</p>\n					<p align=\"left\">\n						<strong>第1版前言</strong>\n					</p>\n					<p align=\"left\">\n						1996年，我打点行囊，西行来到了当时的JavaSoft，因为我很清楚那里将会出现奇迹。在这5年间，我是Java平台库的架构师。我设计、实现和维护过许多类库，同时也担任其他一些库的技术顾问。随着Java平台的成熟和壮大，主持这些类库的设计工作是一个人一生中难得的机会。毫不夸张地说，我有幸与一些当代最杰出的软件工程师一起工作。在这个过程中，我学到了许多关于Java程序设计语言的知识——它能够做什么，不能够做什么，以及如何最有效地使用这门语言及其类库。\n					</p>\n					<p align=\"left\">\n						本书是我的一次尝试，希望与你分享我的经验，你可以因此而吸取我的经验，避免重复我的失败。本书中我借用了Scott Meyers的《Effective C 》一书的格式，该书中包含50个条目，每个条目给出一条用于改进程序和设计的规则。我觉得这种格式非常有效，希望你也有这样的感觉。\n					</p>\n					<p align=\"left\">\n						在许多例子中，我冒昧地使用了Java平台库中的真实例子来说明相应的条目。在介绍那些做得不是很完美的工作时，我尽量使用我自己编写的代码，但是偶尔我也会使用其他同事的代码。尽管我尽力做得更好一点，但是如果我真的冒犯了他人，我先在这里致以最诚挚的歉意。引用反面例子是出于协作的精神，而不是要羞辱例子中的做法，我希望大家都能够从我们过去的错误经历中得到启发。\n					</p>\n					<p align=\"left\">\n						尽管本书并不只是针对可重用组件开发人员的，但是过去20多年来我编写此类组件的经历一定会影响这本书。我很自然地会按照可导出API（Application Programming Interface）的方式来思考问题，而且我建议你也这样做。即使你并没有开发可重用的组件，这样的思考方法也将有助于你提升软件的质量。进一步来说，毫无意识地编写可重用组件的情形并不少见：你编写了一些很有用的代码，然后在同伴之间共享，不久之后你就有了很多用户。这时候，你就不能随心所欲地改变API了，并且如果你刚开始编写软件的时候在设计API上付出了较多的努力，那么这时你就会非常庆幸了。\n					</p>\n					<p align=\"left\">\n						我把焦点放在API的设计上，这对于那些热衷于新兴的轻量级软件开发方法学（比如Extreme Programming，即“极限编程”，简称XP）的读者来说，也许会显得有点不太自然。这些方法学强调编写最简单的、能够工作的程序。如果你正在使用此类的某种程序设计方法，那么你会发现，把焦点放在API设计上对于“重构”（refactoring）过程是多么有益。重构的基本目标是改进系统结构，以及避免代码重复。如果系统的组件没有设计良好的API，要达到这样的目标则是不可能的。\n					</p>\n					<p align=\"left\">\n						没有一门语言是完美的，但是有些语言非常优秀。我认为Java程序设计语言及其类库非常有益于提高代码质量和工作效率，并使得编码工作成为一种乐趣。我希望本书能够抓住我的热情并传递给你，帮助你更有效地利用Java语言，使工作变得更加愉快。\n					</p>\n					<p align=\"left\">\n						&nbsp;\n					</p>\n					<p align=\"left\">\n						Joshua Bloch\n					</p>\n					<p align=\"left\">\n						Cupertino, California\n					</p>\n					<p align=\"left\">\n						2001年4月\n					</p>\n					<p>\n						◆译者序 ◆\n					</p>\n					<p align=\"left\">\n						Java从1997年诞生到日趋完善，经过了20多年不断的发展壮大，已经拥有了近千万开发人员。如何编写出更清晰、更正确、更健壮且更易于重用的代码，是大家所追求的目标。本书是经典Jolt获奖作品《Effective Java》的第3版，对上一版内容进行了彻底的更新，涵盖了自2001年第1版之后所引入的Java SE 5和Java SE 6的新特性，以及2008年第2版之后所引入的Java SE 7和Java SE 8以及Java SE 9的新特性。作者探索了新的设计模式和语言习惯用法，介绍了如何充分利用从泛型到枚举、从注解到自动装箱的各种特性，帮助读者更加有效地使用Java编程语言及其基本类库：java.lang、java.util和java.io，以及子包，如java.util.concurrent和java.util.function等。本书的作者Joshua Bloch曾经是Sun公司的杰出工程师和Google公司的首席Java架构师，带领团队设计和实现过无数的Java平台特性，包括JDK 5.0语言增强版和获奖的Java Collections Framework。在本书中，他为我们带来了90条程序员必备的经验法则：针对你每天都会遇到的编程问题提出了最有效、最实用的解决方案。\n					</p>\n					<p align=\"left\">\n						书中的每一章都包含几个“条目”，以简洁的形式呈现，自成独立的短文，它们提出了具体的建议、对于Java平台精妙之处的独到见解，并提供优秀的代码范例。每个条目的综合描述和解释都阐明了应该怎么做、不应该怎么做，以及为什么。通过阅读贯穿全书的透彻的技术剖析与完整的示例代码，认真理解并加以实践，必定会从中受益匪浅。书中介绍的示例代码清晰易懂，也可以作为日常工作的参考指南。\n					</p>\n					<p align=\"left\">\n						<strong>读者对象</strong>\n					</p>\n					<p align=\"left\">\n						本书不是针对初学者的，读者至少需要熟悉Java程序设计语言。如果你连equals()、toString()、hashCode()都还不了解的话，建议先去看些优秀的Java入门书籍，之后再来阅读本书。如果你在Java开发方面已经有一定的经验，想更加深入地了解Java编程语言，成为一名更优秀、更高效的Java开发人员，那么，建议你用心研读本书。\n					</p>\n					<p align=\"left\">\n						内容形式\n					</p>\n					<p align=\"left\">\n						本书分为12章共90个条目，涵盖了Java 5.0 / 6.0 / 7.0 / 8.0 / 9.0的种种技术要点。与第2版相比，本书删除了“C语言结构的替代”一章，增加了Java 7及之后所引入的新特性：Lambda表达式、Stream、Optional类、接口中的默认方法、try-with-resources、\n					</p>\n					<p align=\"left\">\n						@SafeVarargs注解、Module模块化 。数量上从78个条目发展到了90个，不仅增加了12个条目，并对原来的所有资料都进行了全面的修改，删去了一些已经过时的条目。但是，各章之间并没有严格的前后顺序关系，你可以随意选择感兴趣的章节进行阅读。当然，如果你想马上知道第3版究竟有哪些变化，可以参阅附录。\n					</p>\n					<p align=\"left\">\n						本书重点讲述了Java 5所引入的全新的泛型、枚举、注解、自动装箱、for-each循环、可变参数、并发机制，还包括对象、类、类库、方法和序列化这些经典主题的全新技术与最佳实践，以及如何避免Java编程语言中常被误解的细微之处：陷阱和缺陷，并重点关注了Java语言本身和最基本的类库（java.lang、java.util）和一些扩展（java.util.concurrent和java.io等）。\n					</p>\n					<p align=\"left\">\n						<strong>主要章节简介</strong>\n					</p>\n					<p align=\"left\">\n						第1章为引言。\n					</p>\n					<p align=\"left\">\n						第2章阐述何时以及如何创建对象，何时以及如何避免创建对象，如何确保它们能够适时地销毁，以及如何管理对象销毁之前必须进行的各种清除动作。\n					</p>\n					<p align=\"left\">\n						第3章阐述对于所有对象都通用的方法，你会从中获知对equals、hashCode、toString、clone、finalize以及Comparable.compareTo方法相当深入的分析，从而避免今后在这些问题上再次犯错。\n					</p>\n					<p align=\"left\">\n						第4章阐述作为Java程序设计语言的核心以及Java语言的基本抽象单元（类和接口）在使用上的一些指导原则，帮助你更好地利用这些元素，设计出更加有用、健壮和灵活的类与接口。\n					</p>\n					<p align=\"left\">\n						第5章和第6章中分别阐述在Java 1.5发行版本中新增加的泛型（Generic）以及枚举（Enum）和注解（Annotation）的最佳实践，教你如何最大限度地享有这些优势，并使整个过程尽可能地简单化。\n					</p>\n					<p align=\"left\">\n						第7章专门讨论在Java 8中新增的函数接口（Functional Interface）、Lambda表达式和方法引用（Method Reference），使创建函数对象（Function Object）变得更加容易。接着探讨为处理数据元素的序列提供了类库级别支持的Stream API，以及如何最佳地利用这些机制。\n					</p>\n					<p align=\"left\">\n						第8章讨论方法设计的几个方面：如何处理参数和返回值，如何设计方法签名，如何为方法编写文档，从而使方法设计在可用性、健壮性和灵活性上有进一步的提升。\n					</p>\n					<p align=\"left\">\n						第9章主要讨论Java语言的具体细节，讨论了局部变量的处理、控制结构、类库的使用、各种数据类型的用法，以及两种不是由语言本身提供的机制（Reflection和Native Method，反射机制和本地方法）的用法，并讨论了优化和命名惯例。\n					</p>\n					<p align=\"left\">\n						第10章阐述如何充分发挥异常的优点来提高程序的可读性、可靠性和可维护性，以及减少异常使用不当所带来的负面影响，并提供了一些关于有效使用异常的指导原则。\n					</p>\n					<p align=\"left\">\n						第11章阐述如何帮助你编写出清晰、正确、文档组织良好的并发程序，比如如何避免过度同步，优先采用Executor Framework、并发集合（Concurrent Collection）、同步器（Synch-ronizer），以及是否需要依赖于线程调度器等。\n					</p>\n					<p align=\"left\">\n						第12章阐述序列化方面的技术，并且有一项值得特别提及的特性，就是序列化代理（Serialization Proxy）模式，它可以帮助你避免对象序列化的许多缺陷。\n					</p>\n					<p align=\"left\">\n						举个例子，就序列化技术来讲，HTTP会话状态为什么可以缓存？RMI的异常为什么可以从服务器端传递到客户端？GUI组件为什么可以被发送、保存和恢复呢？是因为它们实现了Serializable接口吗？如果超类没有提供可访问的无参构造器，它的子类可以被序列化吗？当一个实例采用默认的序列化形式，并且给某些域标记为transient，那么当实例反序列化回来后，这些标记为transient域的值各是些什么呢？这些问题如果你现在不能马上回答，或者不能确定，也没有关系，请仔细阅读本书，你将会对它们有更深入与透彻的理解。\n					</p>\n					<p align=\"left\">\n						<strong>技术范围</strong>\n					</p>\n					<p align=\"left\">\n						虽然本书所讨论的是更深层次的Java开发技术，讲述的内容深入，涉及面又相当广泛，但是它并没有涉及图形用户界面编程、企业级API以及移动设备方面的技术，不过在一些条目中会不时地讨论到其他相关的类库。\n					</p>\n					<p align=\"left\">\n						这是一本分享经验与指引你少走弯路的经典著作，针对如何编写高效、设计优良的程序提出了最实用、最权威的指导方针，是Java开发人员案头上的一本不可或缺的参考书。\n					</p>\n					<p align=\"left\">\n						本书由我组织进行翻译，并负责本书所有章节的全面审校。参与翻译和审校的还有：杨春花、荣浩、邱庆举、万国辉、陆志平、姜法有、王琳、林仪明、凌家亮、李勇、刘传飞、王建旭、程旭文、罗兴、翟育明、杨征和陈建都。\n					</p>\n					<p align=\"left\">\n						虽然我们在翻译过程中竭力追求信、达、雅，但限于自身水平，也许仍有不足，还望各位读者不吝指正。关于本书的翻译和翻译时采用的术语以及相关的技术讨论大家可以访问我的博客http://YuLimin.ItEye.com，也可以发邮件到YuLimin @ 163.com与我交流。\n					</p>\n					<p align=\"left\">\n						在这里，我要感谢在翻译过程中一起讨论并帮助我的朋友们，他们是：满江红开放技术研究组织创始人曹晓钢，Spring中文站创始人杨戈（Yanger），SpringSide创始人肖桦（江南白衣）和来自宝岛台湾的李日贵（jini）、林康司（koji）、林信良（caterpillar），在此再次深表感谢。\n					</p>\n					<p align=\"left\">\n						最后，感谢华章公司的两位编辑陈佳媛与关敏，她们耐心、细致地审校了全书，使本书得到了极大的改善。赞！\n					</p>\n					<p align=\"left\">\n						快乐分享，实践出真知，最后，祝大家能够像我一样在阅读中享受本书带来的乐趣！\n					</p>\n					<p align=\"left\">\n						Read a bit and take it out, then come back read some more.\n					</p>\n					<p align=\"left\">\n						&nbsp;\n					</p>\n					<p align=\"left\">\n						俞黎敏\n					</p>\n					<p align=\"left\">\n						2018年10月24日于港珠澳大桥开通之时\n					</p>\n					<p>\n						◆推荐序 ◆\n					</p>\n					<p align=\"left\">\n						如果有一个同事这样对你说：“我的配偶今天晚上在家里制造了一顿不同寻常的晚餐，你愿意来参加吗？”（Spouse of me this night today manufactures the unusual meal in a home. You will join?）这时候你脑子里可能会想到三件事情：第一，满脑子的疑惑；第二，英语肯定不是这位同事的母语；第三，同事是在邀请你参加他的家庭晚宴。\n					</p>\n					<p align=\"left\">\n						如果你曾经学习过第二种语言，并且尝试过在课堂之外使用这种语言，就该知道有三件事情是必须掌握的：这门语言的结构是怎么样的（语法），如何命名你想谈论的事物（词汇），以及如何以惯用和高效的方式来表达日常事物（用法）。在课堂上大多只涉及前面两点，当你使出浑身解数想让对方明白你的意思时，却常常发现母语人士或当地人对你的表述忍俊不禁。\n					</p>\n					<p align=\"left\">\n						程序设计语言也是如此。你需要理解语言的核心：它是面向算法的，还是面向函数的或者是面向对象的？你需要知道词汇表：标准类库提供了哪些数据结构、操作和功能？你还需要熟悉如何用习惯和高效的方式来构建代码。关于程序设计语言的书籍通常只涉及前两点，或者只是蜻蜓点水般地介绍一下用法。也许是因为前两点比较容易编写。语法和词汇是语言本身固有的特性，用法则反映了使用这门语言的群体特征。\n					</p>\n					<p align=\"left\">\n						例如，Java程序设计语言是一门支持单继承的面向对象程序设计语言，在每个方法的内部，它也支持命令式的（面向语句的）编码风格。Java类库提供了对图形显示、网络、分布式计算和安全性的支持。但是，如何把这门语言以最佳的方式运用到实践中呢？\n					</p>\n					<p align=\"left\">\n						还有一点：程序与口语中的句子以及大多数书籍和杂志都不同，它会随着时间的推移而发生变化。仅仅编写出能够有效地工作并且能够被别人理解的代码往往是不够的，我们还必须把代码组织成易于修改的形式。针对某个任务T可能会有10种不同的编码方法，而在这10种方法中，可能有7种方法是笨拙、低效或者难以理解的。而在剩下的3种编码方法中，哪一种会是最接近任务T的下一年度发行版本的代码呢？\n					</p>\n					<p align=\"left\">\n						目前有大量的书籍可以供你学习Java程序设计语言的语法，包括《The Java Programming\n					</p>\n					<p align=\"left\">\n						Language》（作者是Arnold、Gosling和Holmes），以及《The Java Language Specification》（作者是Gosling、Joy和Bracha）。同样，介绍Java程序设计语言相关的类库和API的书籍也不少。\n					</p>\n					<p align=\"left\">\n						本书将解决你的第三种需求：习惯和高效的用法。作者Joshua Bloch在Sun公司多年来一直从事Java编程语言的扩展、实现和使用的工作；他还大量地阅读了其他人的代码，包括我的代码。他在本书中提出了许多很好的建议，系统地把这些建议组织起来，旨在告诉读者如何更好地构建代码，以便它们能够更好地工作，也便于其他人能够理解这些代码，将来对代码进行修改和改善的时候不至于那么头疼。甚至，你的程序也会因此而变得更加令人愉悦、更加优美和雅致。\n					</p>\n					<p align=\"left\">\n						&nbsp;\n					</p>\n					<p align=\"left\">\n						Guy L. Steele Jr.\n					</p>\n					<p align=\"left\">\n						马萨诸塞州，伯灵顿\n					</p>\n					<p align=\"left\">\n						2001年4月\n					</p>\n				</div>\n</span>\n			</div>\n		</div>\n	</div>\n</div>',NULL),(691579993276284928,'高性能MySQL（第3版）','group1/M00/00/01/wKgAkl54EWeAaXZ3AADiahMXxbs473.jpg','mysql,高性能mysql','<div id=\"feature\" class=\"section\" style=\"margin:0px;padding:10px 0px 0px;border:0px;color:#666666;font-family:&quot;background-color:#FFFFFF;\">\n	<div class=\"descrip\" style=\"margin:0px;padding:14px 20px;border:0px;color:#656565;font-size:14px;\">\n		<img src=\"http://img50.ddimg.cn/99999990003241980.jpg\" />\n		<div style=\"margin:0px;padding:0px;border:0px;\">\n		</div>\n		<div style=\"margin:0px;padding:0px;border:0px;\">\n		</div>\n	</div>\n</div>\n<div id=\"abstract\" class=\"section\" style=\"margin:0px;padding:10px 0px 0px;border:0px;color:#666666;font-family:&quot;background-color:#FFFFFF;\">\n	<div class=\"title\" style=\"margin:0px;padding:0px;\">\n		<span style=\"background:url(&quot;font-size:14px;line-height:22px;font-family:&quot;color:#323232;\">编辑推荐</span>\n	</div>\n	<div class=\"descrip\" style=\"margin:0px;padding:14px 20px;border:0px;color:#656565;font-size:14px;\">\n		<span id=\"abstract-all\"></span>\n		<p>\n			<span></span>\n		</p>\n		<p>\n			&nbsp;\n		</p>\n只要你不敢以MySQL专家自诩，又岂敢错过这本神书？\n		<p>\n			一言以蔽之，写得好，编排得好，需要参考时容易到爆！\n		</p>\n		<p>\n			<span>我可是从头到尾看了一遍上一版，可还是毫不犹豫拿起了这本《高性能MySQL（第3版）》，而且看完后一点都不后悔……</span>\n		</p>\n		<p>\n			<span><br />\n</span>\n		</p>\n		<p>\n			<span>◎ 学习MySQL新特性，包括存储引擎、分区数据库、触发器和视图</span>\n		</p>\n		<p>\n			<span>◎ 实现复制的改进、高可用和集群◎ 获得在云端运行MySQL的高性能</span>\n		</p>\n		<p>\n			<span>◎ 优化高级查询特性，如全文索引</span>\n		</p>\n		<p>\n			<span>◎ 从现代的多核CPU和固态硬盘中获益</span>\n		</p>\n		<p>\n			<span>◎ 探索备份和恢复的策略，包括*的在线备份工具<br />\n<br />\n</span>\n		</p>\n&nbsp;\n	</div>\n</div>\n<div id=\"content\" class=\"section\" style=\"margin:0px;padding:10px 0px 0px;border:0px;color:#666666;font-family:&quot;background-color:#FFFFFF;\">\n	<div class=\"title\" style=\"margin:0px;padding:0px;\">\n		<span style=\"background:url(&quot;font-size:14px;line-height:22px;font-family:&quot;color:#323232;\">内容简介</span>\n	</div>\n	<div class=\"descrip\" style=\"margin:0px;padding:14px 20px;border:0px;color:#656565;font-size:14px;\">\n		<span id=\"content-all\"></span>\n		<p>\n			《高性能MySQL（第3版）》是MySQL 领域的极佳之作，拥有广泛的影响力。第3 版更新了大量的内容，不但涵盖了新的MySQL5.5版本的新特性，也讲述了关于固态盘、高可扩展性设计和云计算环境下的数据库相关的新内容，原有的基准测试和性能优化部分也做了大量的扩展和补充。全书共分为16章和6 个附录，内容涵盖MySQL架构和历史，基准测试和性能剖析，数据库软硬件性能优化，复制、备份和恢复，高可用与高可扩展性，以及云端的MySQL和MySQL相关工具等方面的内容。每一章都是相对独立的主题，读者可以有选择性地单独阅读。<br />\n《高性能MySQL（第3版）》不但适合数据库管理员（DBA）阅读，也适合开发人员参考学习。不管是数据库新手还是专家，相信都能从本书有所收获。\n		</p>\n	</div>\n</div>\n<div id=\"authorIntroduction\" class=\"section\" style=\"margin:0px;padding:10px 0px 0px;border:0px;color:#666666;font-family:&quot;background-color:#FFFFFF;\">\n	<div class=\"title\" style=\"margin:0px;padding:0px;\">\n		<span style=\"background:url(&quot;font-size:14px;line-height:22px;font-family:&quot;color:#323232;\">作者简介</span>\n	</div>\n	<div class=\"descrip\" style=\"margin:0px;padding:14px 20px;border:0px;color:#656565;font-size:14px;\">\n		<span id=\"authorIntroduction-show-all\">\n		<p>\n			BaronSchwartz是一位软件工程师，居住在弗吉尼亚州的Charlottesville，网络常用名是Xaprb，这是按照QWERTY键盘的顺序在Dvorak键盘上打出来的名字。在不忙于解决有趣的编程挑战时，Baron会和他的妻子Lynn以及小狗Carbon一起享受闲暇的时光。他有一个软件工程方面的博客。<br />\nPeterZaitsev曾经是MySQLAB公司高性能组的经理，目前在运作mysqlperformanceblog.com网站。他擅长于帮助那些每天有数以百万计访问量的网站的管理员解决问题，这些网站通常需要几百台机器来处理TB级的数据。他常常为了解决一个问题而不停地升级硬件和软件（比如查询优化）。Peter还经常在各种会议上演讲。<br />\nVadimTkachenko曾经是MySQLAB公司的性能工程师。作为一名在多线程编程和同步方面的专家，他的主要工作是基准测试、性能剖析，以及找出系统的性能瓶颈。他还在性能监控和调优方面做了一些工作，使得MySQL在多核机器上有更好的可扩展性。<br />\n译者简介<br />\n宁海元有超过十年的数据库管理经验，从一开始的SQLServer2000到Oracle再到MySQL，擅长数据库高可用架构、性能优化和故障诊断。<br />\n周振兴毕业于北京师范大学数学系，2009年加入数据库团队，负责MySQL运维管理工作，有丰富的MySQL性能优化、Troubleshooting经验，对MySQL主要模块的实现和原理有深入的研究，经历了MySQL实例从30到3000的发展，对系统架构、高可用环境规划都有深入理解。<br />\n彭立勋2010年大学毕业后加入运维部。作为一名MySQLDBA，在运维MySQL的过程中对MySQL和InnoDB的一些功能和缺陷进行了补充，编写了多主复制和数据闪回等补丁。目前在阿里集团核心系统研发部数据库组，专注于MySQL数据库相关的开发工作。后来一些补丁被MySQL之父Mony看中，多主复制、线程内存监控等补丁被合并到了MariaDB10.0版本，本人也因此成为MariaDB提交组（Maria-captains）成员。<br />\n翟卫祥毕业于武汉大学，研究生阶段从事数据库相关研究。毕业后就职数据库技术团队至今，主要负责阿里内部MySQL代码分支维护，包括MySQLBugFix及新特性开发。对MySQL内核有一定的研究。<br />\n刘辉2008年毕业于西安电子科技大学计算机系，硕士学位。2011年加入数据库技术团队，花名希羽，MySQL内核开发工程师。\n		</p>\n</span>\n	</div>\n</div>',NULL),(699350971695759360,'蓝色星星的孩子国','group1/M00/00/01/wKgAkl6UVq-AIOttAAI1MarFhx8153.jpg','蓝色星星的孩子国,冒险','<img src=\"http://img55.ddimg.cn/99999990003571435.jpg\" />',NULL),(708628442022674432,'Java开发手册（码出高效Java开发手册+阿里巴巴Java开发手册）（套装共2册）','group1/M00/00/01/wKgAkl62FyGAIr8RAAFwOIfqBjA789.jpg','java','<img src=\"http://img54.ddimg.cn/99999990008136194.jpg\" />',NULL),(709718564113743872,'乔家大院第二部','group1/M00/00/01/wKgAkl66Dl6AXU4wAABvjA_z6h0387.jpg','小说','<div class=\"t_box_left\" id=\"detail_all\" style=\"margin:0px;padding:0px 20px 0px 0px;color:#666666;font-family:&quot;background-color:#FFFFFF;\">\n	<div class=\"section\" id=\"detail\" style=\"margin:0px;padding:10px 0px 0px;border:0px;\">\n		<div id=\"description\" class=\"section\" style=\"margin:0px;padding:10px 0px 0px;border:0px;\">\n			<div class=\"descrip\" style=\"margin:0px;padding:14px 20px;border:0px;color:#656565;font-size:14px;\">\n				<div class=\"descrip\" style=\"margin:0px;padding:25px 29px 15px;border:0px;color:#000000;font-family:&quot;\">\n					<br />\n<span id=\"abstract-all\">&nbsp;</span>一代经典 《乔家大院》 ?再续新篇。据《乔家大院 第二部》拍摄的 长篇大戏《诚中堂》CCTV1黄金时间强势热播，人气影星 张博 童谣 乔欣 联名鼎力。?\n				</div>\n<img src=\"http://img58.ddimg.cn/198390033145028.jpg\" id=\"desc-module-3\" class=\"desc_anchor\" />\n				<div class=\"tit\" style=\"margin:0px;padding:0px 0px 0px 17px;border:0px;font-weight:bold;color:#000000;font-family:&quot;background-color:#E6E6E6;\">\n					目录\n				</div>\n				<div class=\"descrip\" style=\"margin:0px;padding:25px 29px 15px;border:0px;color:#000000;font-family:&quot;\">\n					暂无详细目录\n				</div>\n<img src=\"http://img58.ddimg.cn/198390033145028.jpg\" id=\"desc-module-4\" class=\"desc_anchor\" />\n				<div class=\"tit\" style=\"margin:0px;padding:0px 0px 0px 17px;border:0px;font-weight:bold;color:#000000;font-family:&quot;background-color:#E6E6E6;\">\n					在线试读\n				</div>\n				<div class=\"descrip\" style=\"margin:0px;padding:25px 29px 15px;border:0px;color:#000000;font-family:&quot;\">\n				</div>\n<img src=\"http://img58.ddimg.cn/198390033145028.jpg\" id=\"desc-module-5\" class=\"desc_anchor\" />\n				<div class=\"tit\" style=\"margin:0px;padding:0px 0px 0px 17px;border:0px;font-weight:bold;color:#000000;font-family:&quot;background-color:#E6E6E6;\">\n					内容介绍\n				</div>\n				<div class=\"descrip\" style=\"margin:0px;padding:25px 29px 15px;border:0px;color:#000000;font-family:&quot;\">\n					<span id=\"content-all\"></span>? ? ? 《乔家大院》（第二部），以1911年辛亥革命爆发至1916年袁世凯称帝图谋破产的中国大历史为背景，讲述一代民族金融精英、山西祁县乔家堡乔家第五代传人乔映霁全力推动民族金融由落后的票号、钱庄向现代银行变革，实现中国的工业化，救亡图存、富国强兵，探索中国走向现代化的光明之路，而经历的一段悲壮人生。小说生动描绘了一个风云际会的大时代，深刻发掘中国商道诚信经营、以商救国、以商富民的文化精神，是一部大气厚重、耐人寻味的长篇小说。\n				</div>\n			</div>\n		</div>\n	</div>\n</div>\n<div class=\"price_indication\" id=\"price-explain\" style=\"margin:0px 0px 20px;padding:11px 20px 15px;border:0px;background:#FAFAFA;font-family:&quot;color:#3C3C3C;\">\n	<div class=\"title\" style=\"margin:0px;padding:0px;border:0px;font-weight:bold;font-size:14px;color:#323232;\">\n		价格说明\n	</div>\n	<ul>\n		<li style=\"vertical-align:top;\">\n			<span style=\"font-weight:700;\"><span style=\"background:#CCCCCC;\"></span>当当价：</span>为商品的销售价，具体的成交价可能因会员使用优惠券、银铃铛等发生变化，最终以订单结算页价格为准。\n		</li>\n		<li style=\"vertical-align:top;\">\n			<span style=\"font-weight:700;\"><span style=\"background:#CCCCCC;\"></span>划线价：</span>划线价格可能是图书封底定价、商品吊牌价、品牌专柜价或由品牌供应商提供的正品零售价（如厂商指导价、建议零售价等）或该商品曾经展示过的销售价等，由于地区、时间的差异化和市场行情波动，商品吊牌价、品牌专柜价等可能会与您购物时展示的不一致，该价格仅供您参考。\n		</li>\n		<li class=\"word2\" style=\"vertical-align:top;\">\n			<span style=\"font-weight:700;\"><span style=\"background:#CCCCCC;\"></span>折扣：</span>折扣指在划线价（图书定价、商品吊牌价、品牌专柜价、厂商指导价等）某一价格基础上计算出的优惠比例或优惠金额。如有疑问，您可在购买前联系客服咨询。\n		</li>\n		<li class=\"word4\" style=\"vertical-align:top;\">\n			<span style=\"font-weight:700;\"><span style=\"background:#CCCCCC;\"></span>异常问题：</span>如您发现活动商品销售价或促销信息有异常，请立即联系我们补正，以便您能顺利购物\n		</li>\n	</ul>\n</div>',NULL),(709721666384560128,'java核心技术1','group1/M00/00/01/wKgAkl66EUKAJ3aRAADj3BW8jnk756.jpg','java,核心技术','<img src=\"http://img50.ddimg.cn/99999990142373310.jpg\" />',NULL),(709723979354472448,'Spring实战 第5版','group1/M00/00/01/wKgAkl66E3CAOw7FAACOk4gXwjc222.jpg','java,Spring,实战','<img src=\"http://img57.ddimg.cn/99999990118197397.jpg\" alt=\"\" width=\"800\" />',NULL),(709727456143081472,'Java并发编程的艺术','group1/M00/00/01/wKgAkl66FqyAa_4tAAD7Bw7sb1k001.jpg','java,并发编程','<p style=\"color:#656565;font-family:&quot;font-size:14px;background-color:#FFFFFF;\">\n	&nbsp;\n</p>\n<p style=\"color:#656565;font-family:&quot;font-size:14px;background-color:#FFFFFF;\">\n	&nbsp; &nbsp; &nbsp; 阿里系和1号店资深技术专家撰写，Java并发编程领域的扛鼎之作，内容在InfoQ等社群得到高度认可\n</p>\n<p style=\"color:#656565;font-family:&quot;font-size:14px;background-color:#FFFFFF;\">\n	从JDK源码、JVM、CPU等多角度全面剖析和讲解Java并发编程的框架、原理和核心技术\n</p>\n<p style=\"color:#656565;font-family:&quot;font-size:14px;background-color:#FFFFFF;\">\n	随着大数据时代的来临，程序员可能每天要处理几十个TB的数据，如何让程序快速且安全地处理各种大数据，就需要掌握不同的并发编程模型和并发编程技巧。用户的一个点击，需要在毫秒级处理完多个任务，同样需要并发编程的参与。\n</p>\n<p style=\"color:#656565;font-family:&quot;font-size:14px;background-color:#FFFFFF;\">\n	并发编程是Java语言的重要特性之一，在Java平台上提供了许多基本的并发功能来辅助开发多线程应用程序。然而，这些相对底层的并发功能与上层应用程序的并发语义之间并不存在一种简单而直观的映射关系。因此，如何在Java并发应用程序中正确且高效地使用这些功能就成了Java开发人员的关注重点。\n</p>\n<p style=\"color:#656565;font-family:&quot;font-size:14px;background-color:#FFFFFF;\">\n	《Java并发编程的艺术》正是为了解决这个问题而写的。书中采用循序渐进的讲解方式，从并发编程的底层实现机制入手，逐步介绍了在设计Java并发程序时各种重要的技术、设计模式与应用，同时辅以丰富的示例代码，使得开发人员能够更快地领悟Java并发编程的要领，围绕着Java平台的基础并发功能快速地构建大规模的并发应用程序。\n</p>\n<p style=\"color:#656565;font-family:&quot;font-size:14px;background-color:#FFFFFF;\">\n	<a href=\"http://product.dangdang.com/28495225.html\"><img src=\"http://img58.ddimg.cn/99999990134123288.jpg\" /></a><a href=\"http://product.dangdang.com/28499408.html\"><img src=\"http://img51.ddimg.cn/99999990134123291.jpg\" /></a>\n</p>',NULL),(709729876826914816,'Java并发编程之美','group1/M00/00/01/wKgAkl66GO6AUKeRAABKR6Yo68M809.jpg','java,并发编程','<img src=\"http://img57.ddimg.cn/99999990003562867.jpg\" />',NULL);

/*Table structure for table `order` */

DROP TABLE IF EXISTS `order`;

CREATE TABLE `order` (
  `id` bigint(20) NOT NULL AUTO_INCREMENT COMMENT 'id,代码生成',
  `order_no` varchar(255) NOT NULL COMMENT '订单编号',
  `user_id` bigint(20) NOT NULL COMMENT '用户id',
  `address_id` bigint(20) DEFAULT NULL COMMENT '订单地址id',
  `total_price` bigint(20) NOT NULL COMMENT '订单总价格(单位是分)',
  `order_status` int(11) NOT NULL DEFAULT '1' COMMENT '1待付款/2已取消(超时未付款)/3已取消(付款前取消)/4已取消(付款后取消)/5未发货/6已发货/7已签收',
  `is_deleted` int(1) NOT NULL DEFAULT '0' COMMENT '是否删除：1是0否',
  `create_time` datetime NOT NULL COMMENT '下单时间',
  `pay_time` datetime DEFAULT NULL COMMENT '支付时间',
  `shipments_time` datetime DEFAULT NULL COMMENT '发货时间',
  `complete_time` datetime DEFAULT NULL COMMENT '成交时间(签收时间)',
  PRIMARY KEY (`id`)
) ENGINE=InnoDB AUTO_INCREMENT=16 DEFAULT CHARSET=utf8;

/*Data for the table `order` */

insert  into `order`(`id`,`order_no`,`user_id`,`address_id`,`total_price`,`order_status`,`is_deleted`,`create_time`,`pay_time`,`shipments_time`,`complete_time`) values (1,'694472848420372480',9,2,10840,2,0,'2020-03-31 09:07:09',NULL,NULL,NULL),(2,'695200796064612352',10,6,32520,2,0,'2020-04-02 09:19:45',NULL,NULL,NULL),(3,'695209785938673664',10,6,12480,3,0,'2020-04-02 09:55:29',NULL,NULL,NULL),(4,'695211341702496256',10,6,52380,6,0,'2020-04-02 10:01:40','2020-04-02 10:02:20','2020-05-12 11:40:32',NULL),(5,'695211800660017152',10,6,10030,6,0,'2020-04-02 10:03:29','2020-04-02 10:04:12','2020-05-12 11:40:32',NULL),(6,'695215370461511680',10,6,15720,6,0,'2020-04-02 10:17:40','2020-04-02 10:21:28','2020-04-02 10:22:18',NULL),(7,'698572862738399232',9,2,4880,6,0,'2020-04-11 16:39:09','2020-04-11 16:39:51','2020-05-12 11:40:32',NULL),(8,'708620848117841920',9,2,25320,2,0,'2020-05-09 10:06:15',NULL,NULL,NULL),(9,'708628904323055616',10,6,28650,7,0,'2020-05-09 10:38:16','2020-05-09 10:39:34','2020-05-09 10:40:01',NULL),(10,'709721981099966464',10,6,26190,7,0,'2020-05-12 11:01:46','2020-05-12 11:02:36','2020-05-12 11:03:14',NULL),(11,'709725585126981632',10,5,9550,6,0,'2020-05-12 11:16:05','2020-05-12 11:16:37','2020-05-12 11:40:32',NULL),(12,'709726310288588800',10,5,9550,6,0,'2020-05-12 11:18:58','2020-05-12 11:19:27','2020-05-12 11:40:32',NULL),(13,'709727648468697088',10,6,23300,6,0,'2020-05-12 11:24:17','2020-05-12 11:25:21','2020-05-12 11:38:46',NULL),(14,'709730974786650112',10,6,23300,7,0,'2020-05-12 11:37:30','2020-05-12 11:38:17','2020-05-12 11:38:46',NULL),(15,'709732061899915264',10,6,40120,7,0,'2020-05-12 11:41:49','2020-05-12 11:42:32','2020-05-12 11:42:53',NULL);

/*Table structure for table `order_goods` */

DROP TABLE IF EXISTS `order_goods`;

CREATE TABLE `order_goods` (
  `id` bigint(20) NOT NULL AUTO_INCREMENT COMMENT 'id,自增',
  `order_id` bigint(20) NOT NULL COMMENT '订单id',
  `goods_id` bigint(20) NOT NULL COMMENT '商品id',
  `goods_num` int(11) NOT NULL COMMENT '商品数目',
  `goods_price` bigint(20) NOT NULL COMMENT '下单时商品价格(单位为分)',
  `goods_total_price` bigint(20) NOT NULL COMMENT '下单时该商品总价格',
  `goods_status` int(1) NOT NULL DEFAULT '1' COMMENT '商品当前状态:0下架1正常2已删除',
  PRIMARY KEY (`id`)
) ENGINE=InnoDB AUTO_INCREMENT=21 DEFAULT CHARSET=utf8;

/*Data for the table `order_goods` */

insert  into `order_goods`(`id`,`order_id`,`goods_id`,`goods_num`,`goods_price`,`goods_total_price`,`goods_status`) values (1,1,691240033792819200,1,10840,10840,1),(2,2,691240033792819200,3,10840,32520,1),(3,3,691237668637376512,1,2980,2980,1),(4,3,691228826285375488,5,1900,9500,1),(5,4,691579165505224704,6,8730,52380,1),(6,5,691577377095942144,1,10030,10030,1),(7,6,691237668637376512,4,2980,11920,1),(8,6,691228826285375488,2,1900,3800,1),(9,7,691237668637376512,1,2980,2980,1),(10,7,691228826285375488,1,1900,1900,1),(11,8,691237668637376512,2,2980,5960,1),(12,8,691228826285375488,1,1900,1900,1),(13,8,691579165505224704,2,8730,17460,1),(14,9,708628442022674432,3,9550,28650,1),(15,10,691579165505224704,3,8730,26190,1),(16,11,708628442022674432,1,9550,9550,1),(17,12,708628442022674432,1,9550,9550,1),(18,13,709727456143081472,5,4660,23300,1),(19,14,709727456143081472,5,4660,23300,1),(20,15,691577377095942144,4,10030,40120,1);

/*Table structure for table `role` */

DROP TABLE IF EXISTS `role`;

CREATE TABLE `role` (
  `id` int(11) NOT NULL AUTO_INCREMENT COMMENT 'id',
  `role_code` varchar(50) NOT NULL COMMENT '角色编码',
  `role_name` varchar(50) NOT NULL COMMENT '角色名称',
  `role_status` int(11) NOT NULL DEFAULT '1' COMMENT '状态:1启用0禁用',
  PRIMARY KEY (`id`)
) ENGINE=InnoDB DEFAULT CHARSET=utf8;

/*Data for the table `role` */

/*Table structure for table `trade_record` */

DROP TABLE IF EXISTS `trade_record`;

CREATE TABLE `trade_record` (
  `id` bigint(20) NOT NULL AUTO_INCREMENT COMMENT 'id',
  `user_id` bigint(20) NOT NULL COMMENT 'userId',
  `order_id` bigint(20) NOT NULL COMMENT '订单id',
  `order_no` varchar(255) NOT NULL COMMENT '订单编号',
  `trade_type` int(1) NOT NULL COMMENT '1支付0退款',
  `money` bigint(20) NOT NULL COMMENT '金额(单位是分)',
  `alipay_transaction_num` varchar(50) NOT NULL COMMENT '支付宝交易号',
  `create_time` datetime NOT NULL COMMENT '创建时间',
  PRIMARY KEY (`id`)
) ENGINE=InnoDB AUTO_INCREMENT=20 DEFAULT CHARSET=utf8;

/*Data for the table `trade_record` */

insert  into `trade_record`(`id`,`user_id`,`order_id`,`order_no`,`trade_type`,`money`,`alipay_transaction_num`,`create_time`) values (1,10,4,'695211341702496256',1,52380,'2020040222001430630504483479','2020-04-02 10:02:20'),(2,10,5,'695211800660017152',1,10030,'2020040222001430630504483318','2020-04-02 10:04:12'),(3,10,5,'695211800660017152',1,10030,'2020040222001430630504483318','2020-04-02 10:04:22'),(4,10,4,'695211341702496256',1,52380,'2020040222001430630504483479','2020-04-02 10:05:23'),(5,10,4,'695211341702496256',1,52380,'2020040222001430630504483479','2020-04-02 10:05:31'),(6,10,6,'695215370461511680',1,15720,'2020040222001430630504483652','2020-04-02 10:21:28'),(7,10,6,'695215370461511680',1,15720,'2020040222001430630504483652','2020-04-02 10:21:37'),(8,9,7,'698572862738399232',1,4880,'2020041122001430630504489395','2020-04-11 16:39:51'),(9,9,7,'698572862738399232',1,4880,'2020041122001430630504489395','2020-04-11 16:40:01'),(10,10,9,'708628904323055616',1,28650,'2020050922001430630504509641','2020-05-09 10:39:34'),(11,10,9,'708628904323055616',1,28650,'2020050922001430630504509641','2020-05-09 10:39:42'),(12,10,10,'709721981099966464',1,26190,'2020051222001430630504511707','2020-05-12 11:02:36'),(13,10,11,'709725585126981632',1,9550,'2020051222001430630504511708','2020-05-12 11:16:37'),(14,10,12,'709726310288588800',1,9550,'2020051222001430630504511535','2020-05-12 11:19:27'),(15,10,12,'709726310288588800',1,9550,'2020051222001430630504511535','2020-05-12 11:19:37'),(16,10,13,'709727648468697088',1,23300,'2020051222001430630504511346','2020-05-12 11:25:21'),(17,10,14,'709730974786650112',1,23300,'2020051222001430630504511857','2020-05-12 11:38:17'),(18,10,15,'709732061899915264',1,40120,'2020051222001430630504511347','2020-05-12 11:42:32'),(19,10,15,'709732061899915264',1,40120,'2020051222001430630504511347','2020-05-12 11:42:41');

/*Table structure for table `user` */

DROP TABLE IF EXISTS `user`;

CREATE TABLE `user` (
  `id` bigint(20) NOT NULL AUTO_INCREMENT COMMENT '用户id,自增',
  `loginname` varchar(20) NOT NULL COMMENT '登录名',
  `password` varchar(100) NOT NULL COMMENT '密码',
  `realname` varchar(20) NOT NULL COMMENT '真实姓名',
  `sex` int(1) NOT NULL COMMENT '性别:1男0女',
  `birthday` date NOT NULL COMMENT '用户生日日期',
  `phone` varchar(20) NOT NULL COMMENT '手机号',
  `email` varchar(50) NOT NULL COMMENT '邮箱',
  `pwd_error_count` int(1) NOT NULL DEFAULT '0' COMMENT '当日输错密码次数',
  `is_locked` int(1) NOT NULL DEFAULT '0' COMMENT '是否锁定:1是0否',
  `lock_time` datetime DEFAULT NULL COMMENT '上次锁定时间',
  `user_type` int(11) NOT NULL COMMENT '用户类型:0顾客1后台管理员',
  `last_login_ip` varchar(50) NOT NULL COMMENT '最后登录的ip地址',
  `last_login_time` datetime NOT NULL COMMENT '最后登录时间',
  `create_time` datetime NOT NULL COMMENT '创建时间',
  `last_update_time` datetime NOT NULL COMMENT '最后更新时间',
  PRIMARY KEY (`id`),
  UNIQUE KEY `loginname` (`loginname`)
) ENGINE=InnoDB AUTO_INCREMENT=11 DEFAULT CHARSET=utf8;

/*Data for the table `user` */

insert  into `user`(`id`,`loginname`,`password`,`realname`,`sex`,`birthday`,`phone`,`email`,`pwd_error_count`,`is_locked`,`lock_time`,`user_type`,`last_login_ip`,`last_login_time`,`create_time`,`last_update_time`) values (1,'root','$2a$10$PVd.P7dbSQQCa2iMK3Nbv.sgO.71njIvTTHHAlPGl9uCNkqla/1h.','杨万浩',1,'1997-09-24','18337281539','yangwanhao163@163.com',0,0,NULL,1,'119.79.239.74','2020-02-27 10:49:00','2020-02-27 10:49:03','2020-03-03 22:07:57'),(6,'admin','$2a$10$y.32p2JfgFY5mxbqe/JcWeB/PjxE0tlj1Se3D3bNgXCEcRYUHzjBm','杨万浩',1,'1997-09-24','18337281539','yangwanhao126@126.com',0,0,NULL,1,'175.189.216.14','2020-05-21 15:55:17','2020-02-28 10:21:54','2020-03-19 10:09:29'),(9,'test','$2a$10$xJVLfO2Z5B/Oa29c9WlL4OvoMmEqzq3Sa8PClqwVxI0xxFetK3WrW','杨万浩',1,'2020-03-09','18337281539','2051523155@qq.com',0,0,NULL,0,'119.79.239.74','2020-05-09 10:05:55','2020-03-09 13:18:28','2020-03-20 16:34:39'),(10,'yangwanhao','$2a$10$MWC6FqXId8yCsLkEPtpkPe/MtJXYPfnAeNdfxdx82oX2Rg/jdexBS','龙青鲤',1,'1997-09-24','18337281539','2051523155@qq.com',0,0,NULL,0,'119.79.239.74','2020-05-12 11:41:30','2020-03-10 10:16:10','2020-03-14 16:18:32');

/*Table structure for table `user_role` */

DROP TABLE IF EXISTS `user_role`;

CREATE TABLE `user_role` (
  `id` int(11) NOT NULL AUTO_INCREMENT COMMENT 'id',
  `user_id` bigint(20) NOT NULL COMMENT 'user表的id',
  `role_id` int(11) NOT NULL COMMENT 'role表的id',
  `is_started` int(11) NOT NULL DEFAULT '1' COMMENT '是否开启:1是0否',
  PRIMARY KEY (`id`)
) ENGINE=InnoDB DEFAULT CHARSET=utf8;

/*Data for the table `user_role` */

/*!40101 SET SQL_MODE=@OLD_SQL_MODE */;
/*!40014 SET FOREIGN_KEY_CHECKS=@OLD_FOREIGN_KEY_CHECKS */;
/*!40014 SET UNIQUE_CHECKS=@OLD_UNIQUE_CHECKS */;
/*!40111 SET SQL_NOTES=@OLD_SQL_NOTES */;
